carrier,date,comp_alt_trans,comp_no_trans,comp_volunteers,denied_boarding,downgrades,no_comp_fail_comply,no_comp_new_flight,no_comp_small_equip,pass_no_trans,pass_trans,receive_comp,total_boardings,upgrades,volunteer_for_pay,denied_per_10k
AirTran,2008-04-01,0.0,30206.0,0.0,139.0,0.0,25.0,0.0,0.0,114.0,0.0,114.0,6533427.0,0.0,6877.0,0.21275205187109306
AirTran,2008-07-01,0.0,44564.0,0.0,321.0,0.0,134.0,0.0,0.0,187.0,0.0,187.0,6612928.0,0.0,14827.0,0.48541281562418337
AirTran,2008-10-01,0.0,36961.0,0.0,172.0,0.0,11.0,0.0,0.0,161.0,0.0,161.0,5754446.0,0.0,10948.0,0.2988993206296488
AirTran,2009-01-01,0.0,46591.0,0.0,188.0,0.0,8.0,0.0,0.0,180.0,0.0,180.0,5344683.0,0.0,10270.0,0.3517514509279596
AirTran,2009-04-01,0.0,35803.0,0.0,189.0,0.0,24.0,0.0,0.0,165.0,0.0,165.0,6208390.0,0.0,6899.0,0.30442675154105975
AirTran,2009-07-01,14698.0,0.0,0.0,55.0,0.0,1.0,0.0,0.0,54.0,0.0,54.0,6533184.0,0.0,7699.0,0.08418559771162117
AirTran,2009-10-01,31041.0,0.0,0.0,137.0,0.0,13.0,0.0,0.0,124.0,0.0,124.0,5911553.0,0.0,9042.0,0.23174959270431983
AirTran,2010-01-01,94438.0,0.0,0.0,283.0,0.0,6.0,0.0,0.0,277.0,0.0,277.0,5526408.0,0.0,15285.0,0.5120866935629798
AirTran,2010-04-01,62738.0,0.0,0.0,321.0,0.0,122.0,0.0,0.0,199.0,0.0,199.0,6534974.0,0.0,16231.0,0.4912031784671217
AirTran,2010-07-01,41381.0,0.0,0.0,197.0,0.0,44.0,0.0,0.0,153.0,0.0,153.0,6538710.0,0.0,11322.0,0.3012826689056404
AirTran,2010-10-01,23131.0,0.0,0.0,161.0,0.0,12.0,0.0,0.0,149.0,0.0,149.0,6121134.0,0.0,10016.0,0.2630231587807096
AirTran,2011-04-01,49841.0,0.0,0.0,284.0,0.0,13.0,0.0,0.0,271.0,0.0,271.0,6704438.0,0.0,11766.0,0.42360000942659176
AirTran,2011-07-01,80825.0,0.0,0.0,369.0,0.0,9.0,0.0,0.0,360.0,0.0,360.0,6533019.0,0.0,13380.0,0.5648230932743346
AirTran,2011-10-01,186292.0,0.0,0.0,404.0,0.0,2.0,0.0,0.0,402.0,0.0,402.0,5855058.0,0.0,10556.0,0.6900017045091611
AirTran,2011-01-01,35140.0,0.0,0.0,246.0,0.0,7.0,0.0,0.0,239.0,0.0,239.0,5604721.0,0.0,9648.0,0.4389156926812236
AirTran,2012-01-01,268773.0,0.0,0.0,431.0,0.0,2.0,0.0,0.0,429.0,0.0,429.0,5188466.0,0.0,10427.0,0.8306886852491662
AirTran,2012-04-01,277201.0,0.0,0.0,601.0,0.0,34.0,0.0,0.0,567.0,0.0,567.0,5990763.0,0.0,12026.0,1.0032111101707746
AirTran,2012-07-01,144908.0,0.0,0.0,365.0,0.0,5.0,0.0,0.0,360.0,0.0,360.0,5658334.0,0.0,9041.0,0.6450661979303449
AirTran,2012-10-01,337694.0,0.0,0.0,663.0,0.0,9.0,0.0,0.0,654.0,0.0,654.0,4906630.0,0.0,7e3,1.3512329236155975
AirTran,2013-01-01,487449.0,0.0,0.0,841.0,0.0,7.0,0.0,0.0,834.0,0.0,834.0,4525112.0,0.0,10336.0,1.858517535035597
AirTran,2013-04-01,368761.0,0.0,0.0,683.0,0.0,12.0,0.0,0.0,671.0,0.0,671.0,5031798.0,0.0,8832.0,1.3573676844738203
AirTran,2013-07-01,147494.0,0.0,0.0,276.0,0.0,5.0,0.0,0.0,271.0,0.0,271.0,4452451.0,0.0,4799.0,0.6198832957398072
AirTran,2013-10-01,330009.0,0.0,0.0,502.0,0.0,30.0,0.0,0.0,472.0,0.0,472.0,3822884.0,0.0,3507.0,1.313144735754472
AirTran,2014-01-01,487449.0,0.0,0.0,841.0,0.0,7.0,0.0,0.0,834.0,0.0,834.0,4525112.0,0.0,10336.0,1.858517535035597
AirTran,2014-04-01,386411.0,0.0,0.0,581.0,0.0,13.0,0.0,0.0,568.0,0.0,568.0,2692186.0,0.0,2251.0,2.15809754600908
AirTran,2014-07-01,192613.0,0.0,0.0,385.0,0.0,2.0,0.0,0.0,383.0,0.0,383.0,2027579.0,0.0,1515.0,1.8988162730034193
AirTran,2014-10-01,44324.0,0.0,0.0,82.0,0.0,7.0,0.0,0.0,75.0,0.0,75.0,1090988.0,0.0,394.0,0.7516123000436302
Alaska,2008-01-01,0.0,27256.0,0.0,297.0,11.0,90.0,3.0,16.0,188.0,0.0,188.0,3619711.0,73.0,2485.0,0.8205074935540434
Alaska,2008-04-01,0.0,12274.0,0.0,183.0,14.0,63.0,12.0,31.0,77.0,0.0,77.0,4083082.0,53.0,1995.0,0.44819085191039515
Alaska,2008-07-01,0.0,15064.0,0.0,210.0,12.0,50.0,7.0,47.0,106.0,0.0,106.0,4330749.0,33.0,1877.0,0.484904574243393
Alaska,2008-10-01,0.0,22746.0,0.0,293.0,8.0,89.0,27.0,32.0,145.0,0.0,145.0,3512911.0,18.0,1771.0,0.8340661064285433
Alaska,2009-01-01,0.0,180416.0,0.0,856.0,5.0,295.0,36.0,46.0,479.0,0.0,479.0,3258996.0,31.0,2326.0,2.6265757920537487
Alaska,2009-04-01,0.0,171348.0,0.0,626.0,10.0,352.0,33.0,38.0,203.0,0.0,203.0,3774628.0,18.0,2113.0,1.658441573580231
Alaska,2009-07-01,0.0,132480.0,0.0,862.0,0.0,569.0,20.0,81.0,192.0,0.0,192.0,4131885.0,15.0,2311.0,2.0862148873940103
Alaska,2009-10-01,0.0,79228.0,0.0,636.0,8.0,356.0,16.0,72.0,192.0,0.0,192.0,3526980.0,19.0,2478.0,1.8032424340370516
Alaska,2010-01-01,0.0,123956.0,0.0,538.0,1.0,275.0,17.0,63.0,183.0,0.0,183.0,3332632.0,26.0,2416.0,1.6143396570638464
Alaska,2010-04-01,0.0,49715.0,0.0,221.0,0.0,145.0,5.0,44.0,27.0,0.0,27.0,3930261.0,11.0,1052.0,0.5623036230927158
Alaska,2010-07-01,0.0,111477.0,0.0,646.0,9.0,212.0,181.0,71.0,182.0,0.0,182.0,4387652.0,24.0,2358.0,1.472313665714601
Alaska,2010-10-01,0.0,70382.0,0.0,418.0,3.0,89.0,192.0,38.0,99.0,0.0,99.0,3852268.0,24.0,1638.0,1.085075077850243
Alaska,2011-04-01,0.0,133355.0,0.0,384.0,19.0,96.0,53.0,41.0,194.0,0.0,194.0,4242336.0,138.0,1592.0,0.9051616845058948
Alaska,2011-07-01,0.0,126264.0,0.0,269.0,2.0,92.0,20.0,10.0,147.0,0.0,147.0,4590676.0,85.0,1424.0,0.585970345108215
Alaska,2011-10-01,0.0,166961.0,0.0,275.0,9.0,81.0,0.0,13.0,181.0,0.0,181.0,4008655.0,13.0,1226.0,0.6860156336726408
Alaska,2011-01-01,0.0,152346.0,0.0,439.0,3.0,76.0,140.0,41.0,182.0,0.0,182.0,3759030.0,86.0,1798.0,1.1678544730954528
Alaska,2012-01-01,0.0,207684.0,0.0,247.0,4.0,97.0,0.0,27.0,123.0,0.0,123.0,3910885.0,19.0,1465.0,0.6315706035846106
Alaska,2012-04-01,0.0,176453.0,0.0,276.0,0.0,88.0,0.0,22.0,166.0,0.0,166.0,4478826.0,33.0,1281.0,0.6162329146075333
Alaska,2012-07-01,0.0,246478.0,0.0,283.0,7.0,98.0,0.0,31.0,154.0,0.0,154.0,4767167.0,20.0,1365.0,0.5936439818449826
Alaska,2012-10-01,0.0,236196.0,0.0,297.0,11.0,108.0,0.0,44.0,145.0,0.0,145.0,4218458.0,19.0,1162.0,0.7040487306025093
Alaska,2013-01-01,0.0,131215.0,0.0,190.0,21.0,51.0,0.0,15.0,124.0,0.0,124.0,4203186.0,11.0,1155.0,0.45203804923217766
Alaska,2013-04-01,0.0,119054.0,0.0,152.0,3.0,35.0,0.0,13.0,104.0,0.0,104.0,4780086.0,71.0,877.0,0.31798591071374027
Alaska,2013-07-01,0.0,242031.0,0.0,245.0,6.0,94.0,0.0,14.0,137.0,0.0,137.0,5098158.0,99.0,1048.0,0.48056572589550967
Alaska,2013-10-01,0.0,111570.0,0.0,127.0,5.0,40.0,0.0,15.0,72.0,0.0,72.0,4436523.0,82.0,754.0,0.2862602087265185
Alaska,2014-01-01,0.0,131215.0,0.0,190.0,21.0,51.0,0.0,15.0,124.0,0.0,124.0,4203186.0,11.0,1155.0,0.45203804923217766
Alaska,2014-04-01,0.0,129113.0,0.0,196.0,3.0,104.0,0.0,31.0,61.0,0.0,61.0,4999049.0,27.0,1027.0,0.3920745725837054
Alaska,2014-07-01,0.0,227526.0,0.0,283.0,13.0,120.0,0.0,48.0,115.0,0.0,115.0,5517702.0,31.0,1305.0,0.512894679705428
Alaska,2014-10-01,0.0,138500.0,0.0,137.0,4.0,42.0,0.0,14.0,81.0,0.0,81.0,4937496.0,13.0,818.0,0.2774685792150515
Alaska,2015-01-01,0.0,251037.0,0.0,219.0,8.0,43.0,0.0,20.0,16.0,0.0,156.0,4975547.0,9.0,1737.0,0.44015261035620806
Alaska,2015-04-01,0.0,208708.0,0.0,191.0,9.0,35.0,0.0,34.0,122.0,0.0,122.0,5624304.0,30.0,1315.0,0.3395975750955141
Alaska,2015-07-01,0.0,180715.0,0.0,171.0,8.0,50.0,0.0,15.0,106.0,0.0,106.0,6064451.0,20.0,1267.0,0.2819711132961582
Alaska,2015-10-01,0.0,176107.0,0.0,159.0,1.0,38.0,0.0,15.0,106.0,0.0,106.0,5430824.0,23.0,1093.0,0.29277325135191273
Alaska,2016-01-01,0.0,256714.0,0.0,284.0,24.0,68.0,0.0,20.0,196.0,0.0,196.0,5344476.0,39.0,1982.0,0.5313897938731506
American,2008-01-01,26630.0,9387.0,0.0,1982.0,366.0,38.0,0.0,456.0,233.0,1255.0,1944.0,20231629.0,1144.0,21892.0,0.9796541840501326
American,2008-04-01,66302.0,16857.0,0.0,1389.0,246.0,30.0,0.0,426.0,132.0,801.0,1359.0,21673408.0,785.0,13654.0,0.6408775214308705
American,2008-07-01,213483.0,31369.0,1400.0,1101.0,192.0,27.0,0.0,307.0,110.0,657.0,1074.0,21237007.0,688.0,10960.0,0.5184346362931462
American,2008-10-01,245168.0,19706.0,0.0,1096.0,165.0,9.0,0.0,262.0,85.0,740.0,1087.0,19105660.0,741.0,10143.0,0.5736519963194153
American,2009-01-01,155767.0,18960.0,0.0,782.0,183.0,41.0,0.0,118.0,69.0,554.0,741.0,18099010.0,779.0,12910.0,0.43206783133442106
American,2009-04-01,197042.0,22056.0,0.0,1153.0,279.0,48.0,0.0,180.0,93.0,832.0,1105.0,19703056.0,1053.0,15231.0,0.585188409351321
American,2009-07-01,187998.0,19708.0,0.0,969.0,258.0,45.0,0.0,294.0,54.0,576.0,924.0,19794039.0,1161.0,14645.0,0.48954132100073156
American,2009-10-01,264296.0,45752.0,0.0,1400.0,241.0,37.0,0.0,339.0,142.0,882.0,1363.0,18649876.0,916.0,14284.0,0.7506752323715182
American,2010-01-01,472071.0,131974.0,0.0,2284.0,292.0,36.0,0.0,299.0,395.0,1554.0,2248.0,17885435.0,1211.0,16124.0,1.2770167457487056
American,2010-04-01,267972.0,77151.0,1300.0,1791.0,345.0,51.0,0.0,581.0,202.0,957.0,1740.0,19706744.0,1477.0,17860.0,0.9088259328887612
American,2010-07-01,216832.0,20309.0,0.0,1059.0,142.0,15.0,0.0,356.0,63.0,625.0,1044.0,19695432.0,1468.0,15107.0,0.5376881299176377
American,2010-10-01,294458.0,77103.0,0.0,1417.0,230.0,32.0,0.0,367.0,203.0,815.0,1385.0,18934213.0,1259.0,15096.0,0.7483807222407396
American,2011-04-01,249274.0,156420.0,0.0,1660.0,269.0,56.0,10.0,504.0,340.0,760.0,1604.0,19650620.0,1369.0,15587.0,0.8447570611003623
American,2011-07-01,176168.0,436629.0,0.0,1677.0,172.0,46.0,0.0,445.0,671.0,515.0,1631.0,19890022.0,1803.0,18097.0,0.843136322322821
American,2011-10-01,176354.0,821921.0,0.0,1458.0,225.0,54.0,0.0,353.0,746.0,305.0,1404.0,18720802.0,1197.0,17326.0,0.7788127880418798
American,2011-01-01,301872.0,291542.0,0.0,2191.0,225.0,43.0,4.0,659.0,623.0,866.0,2148.0,17751646.0,845.0,11820.0,1.2342517420638064
American,2012-01-01,168607.0,916149.0,0.0,1478.0,210.0,30.0,0.0,328.0,899.0,221.0,1448.0,18320011.0,1142.0,14589.0,0.8067680745388199
American,2012-04-01,83042.0,847781.0,800.0,1349.0,131.0,66.0,0.0,169.0,904.0,210.0,1283.0,19749730.0,1475.0,15263.0,0.6830473125455386
American,2012-07-01,96083.0,897626.0,0.0,1355.0,131.0,46.0,0.0,269.0,860.0,180.0,1309.0,19277469.0,1301.0,16131.0,0.7028931028238198
American,2012-10-01,51087.0,866451.0,0.0,1389.0,237.0,28.0,0.0,394.0,853.0,114.0,1361.0,18536509.0,968.0,14442.0,0.7493320344192101
American,2013-01-01,49157.0,638099.0,0.0,1025.0,223.0,39.0,0.0,182.0,678.0,126.0,986.0,18267561.0,1078.0,12822.0,0.5611039152955339
American,2013-04-01,23711.0,429465.0,200.0,647.0,171.0,37.0,0.0,68.0,482.0,60.0,610.0,19581262.0,1046.0,13609.0,0.3304179270978551
American,2013-07-01,20593.0,651312.0,0.0,884.0,148.0,26.0,0.0,138.0,644.0,76.0,858.0,19549221.0,1084.0,13511.0,0.4521919313306653
American,2013-10-01,42098.0,463467.0,0.0,677.0,117.0,30.0,0.0,136.0,423.0,88.0,647.0,18664581.0,819.0,12864.0,0.3627190988107368
American,2014-01-01,49157.0,638099.0,0.0,1025.0,223.0,39.0,0.0,182.0,678.0,126.0,986.0,18267561.0,1078.0,12822.0,0.5611039152955339
American,2014-04-01,23297.0,481266.0,0.0,696.0,177.0,41.0,0.0,98.0,467.0,90.0,655.0,19957730.0,500.0,9014.0,0.34873705576736436
American,2014-07-01,32408.0,320855.0,0.0,508.0,131.0,16.0,0.0,80.0,328.0,84.0,492.0,19864696.0,472.0,7614.0,0.25573006503598145
American,2014-10-01,27820.0,467943.0,0.0,720.0,205.0,35.0,0.0,201.0,426.0,58.0,685.0,18826185.0,390.0,8549.0,0.3824460452290254
American,2015-01-01,55269.0,929513.0,2e3,1431.0,234.0,22.0,0.0,409.0,852.0,148.0,1409.0,18101123.0,520.0,9928.0,0.7905586852263254
American,2015-04-01,59692.0,579938.0,0.0,1089.0,202.0,72.0,0.0,360.0,569.0,88.0,1017.0,20066407.0,656.0,11703.0,0.5426980525213109
American,2015-07-01,42501.0,1057341.0,0.0,2558.0,256.0,74.0,0.0,1214.0,1106.0,164.0,2484.0,36891115.0,686.0,15366.0,0.6933918912453582
American,2015-10-01,83827.0,1226806.0,0.0,2426.0,387.0,62.0,0.0,872.0,1296.0,196.0,2364.0,22033306.0,600.0,13320.0,1.101060367427385
American,2016-01-01,61295.0,1117302.0,0.0,2642.0,669.0,73.0,0.0,1214.0,1162.0,193.0,2569.0,31360650.0,515.0,14766.0,0.8424570281547098
American Eagle,2008-01-01,0.0,0.0,0.0,154.0,0.0,1.0,0.0,100.0,1.0,52.0,43.0,552779.0,0.0,345.0,2.7859234884103774
American Eagle,2008-04-01,15323.0,0.0,0.0,740.0,0.0,33.0,0.0,467.0,14.0,226.0,681.0,2471385.0,0.0,2229.0,2.9942724423754292
American Eagle,2008-07-01,35023.0,2181.0,700.0,692.0,0.0,29.0,0.0,376.0,18.0,269.0,650.0,4191353.0,0.0,2588.0,1.6510181795711314
American Eagle,2008-10-01,65058.0,2151.0,100.0,1174.0,0.0,28.0,0.0,786.0,11.0,349.0,1104.0,3643632.0,0.0,3825.0,3.222059746977741
American Eagle,2009-01-01,72375.0,1915.0,0.0,1060.0,0.0,13.0,0.0,595.0,16.0,436.0,1e3,3373399.0,0.0,3846.0,3.142231322176831
American Eagle,2009-04-01,137695.0,5234.0,0.0,1536.0,0.0,39.0,0.0,785.0,35.0,677.0,1437.0,4046770.0,0.0,5081.0,3.79561971646523
American Eagle,2009-07-01,148096.0,5939.0,0.0,1410.0,0.0,31.0,0.0,629.0,33.0,717.0,1328.0,4130995.0,0.0,4170.0,3.413221269936178
American Eagle,2009-10-01,131733.0,13690.0,0.0,1822.0,0.0,32.0,0.0,1088.0,49.0,653.0,1743.0,3934563.0,0.0,4881.0,4.630755690021992
American Eagle,2010-01-01,145619.0,7165.0,0.0,1629.0,0.0,28.0,0.0,896.0,30.0,675.0,1553.0,3550434.0,0.0,3723.0,4.588171474247937
American Eagle,2010-04-01,206034.0,9103.0,0.0,2010.0,0.0,37.0,0.0,1022.0,56.0,895.0,1905.0,4013456.0,0.0,6346.0,5.008152574738579
American Eagle,2010-07-01,125088.0,4127.0,0.0,1557.0,0.0,46.0,0.0,896.0,38.0,577.0,1489.0,4097842.0,0.0,5708.0,3.7995608420236797
American Eagle,2010-10-01,123462.0,8346.0,0.0,1139.0,0.0,52.0,0.0,474.0,34.0,579.0,1087.0,4086490.0,0.0,5876.0,2.7872330533049143
American Eagle,2011-04-01,67455.0,23178.0,0.0,1345.0,0.0,52.0,11.0,802.0,63.0,417.0,1251.0,4377094.0,0.0,7647.0,3.072814977242892
American Eagle,2011-07-01,39864.0,83126.0,0.0,827.0,0.0,22.0,3.0,483.0,158.0,161.0,791.0,4449341.0,0.0,7556.0,1.8587022212952435
American Eagle,2011-10-01,43283.0,202577.0,0.0,593.0,0.0,26.0,8.0,229.0,223.0,107.0,550.0,4293651.0,0.0,7561.0,1.38110899092637
American Eagle,2011-01-01,43766.0,28218.0,0.0,994.0,0.0,22.0,7.0,652.0,71.0,242.0,957.0,3627278.0,0.0,6107.0,2.7403468937313322
American Eagle,2012-01-01,32838.0,206312.0,0.0,603.0,0.0,23.0,7.0,238.0,263.0,72.0,556.0,4098471.0,0.0,6437.0,1.4712803872468536
American Eagle,2012-04-01,22762.0,220115.0,0.0,528.0,0.0,36.0,5.0,156.0,256.0,75.0,483.0,4820334.0,0.0,6767.0,1.0953597821229817
American Eagle,2012-07-01,18891.0,126247.0,0.0,402.0,0.0,25.0,9.0,159.0,160.0,49.0,359.0,4762988.0,0.0,5098.0,0.8440080050590091
American Eagle,2012-10-01,11279.0,130564.0,0.0,412.0,4.0,16.0,0.0,200.0,160.0,30.0,396.0,4433663.0,52.0,4265.0,0.9292542080893382
American Eagle,2013-01-01,8304.0,191631.0,0.0,543.0,10.0,17.0,0.0,264.0,227.0,35.0,526.0,3971731.0,73.0,5320.0,1.3671620761829038
American Eagle,2013-04-01,7654.0,158198.0,0.0,509.0,7.0,18.0,0.0,269.0,179.0,43.0,491.0,4420134.0,36.0,5301.0,1.1515487991993003
American Eagle,2013-07-01,4979.0,123575.0,0.0,323.0,7.0,14.0,0.0,140.0,148.0,21.0,309.0,4449933.0,30.0,4020.0,0.7258536252118852
American Eagle,2013-10-01,12772.0,169943.0,0.0,548.0,2.0,6.0,0.0,324.0,174.0,44.0,542.0,4098294.0,35.0,5018.0,1.3371417472733775
American Eagle,2014-01-01,8304.0,191631.0,0.0,543.0,10.0,17.0,0.0,264.0,227.0,35.0,526.0,3971731.0,73.0,5320.0,1.3671620761829038
American Eagle,2014-04-01,5770.0,239113.0,0.0,702.0,11.0,29.0,0.0,367.0,272.0,34.0,673.0,4146074.0,41.0,5351.0,1.6931680428279863
Atlantic Southeast,2008-01-01,920.0,27054.0,0.0,552.0,0.0,0.0,0.0,0.0,471.0,81.0,552.0,1057771.0,0.0,2807.0,5.218520832959118
Atlantic Southeast,2008-04-01,5778.0,59366.0,0.0,741.0,0.0,1.0,2.0,0.0,580.0,158.0,738.0,2234774.0,0.0,5014.0,3.3157715276802042
Atlantic Southeast,2008-07-01,4984.0,81356.0,0.0,1219.0,NA,5.0,4.0,0.0,986.0,224.0,1210.0,3132410.0,NA,7432.0,3.8915723037533403
Atlantic Southeast,2008-10-01,8381.0,130457.0,0.0,1098.0,NA,14.0,9.0,0.0,920.0,155.0,1075.0,2865082.0,NA,7729.0,3.8323510461480685
Atlantic Southeast,2009-01-01,9134.0,151208.0,0.0,1143.0,10.0,16.0,2.0,0.0,969.0,156.0,1125.0,2898511.0,126.0,8974.0,3.943404044352428
Atlantic Southeast,2009-04-01,15405.0,79564.0,0.0,1131.0,172.0,1.0,44.0,2.0,701.0,383.0,1084.0,3417449.0,1878.0,8132.0,3.309486110838816
Atlantic Southeast,2009-07-01,6616.0,98578.0,0.0,587.0,208.0,5.0,28.0,2.0,396.0,156.0,552.0,3565266.0,2071.0,8633.0,1.6464409668170623
Atlantic Southeast,2009-10-01,1925.0,36712.0,0.0,76.0,212.0,2.0,3.0,3.0,63.0,5.0,68.0,3071287.0,1625.0,5043.0,0.24745326633427617
Atlantic Southeast,2010-01-01,4944.0,77896.0,0.0,164.0,179.0,2.0,14.0,0.0,134.0,14.0,148.0,3088354.0,1545.0,7192.0,0.531027207373248
Atlantic Southeast,2010-04-01,6419.0,89167.0,0.0,210.0,324.0,4.0,8.0,1.0,165.0,32.0,197.0,3445538.0,3370.0,7680.0,0.6094839180412464
Atlantic Southeast,2010-07-01,7035.0,106633.0,0.0,235.0,854.0,4.0,9.0,2.0,197.0,23.0,220.0,3666681.0,7594.0,8389.0,0.6409065855469838
Atlantic Southeast,2010-10-01,3925.0,78636.0,0.0,165.0,909.0,2.0,10.0,1.0,136.0,16.0,152.0,3527999.0,5120.0,6766.0,0.46768720739433317
Atlantic Southeast,2011-04-01,8492.0,167274.0,0.0,346.0,921.0,3.0,10.0,0.0,294.0,39.0,333.0,3708749.0,5558.0,11694.0,0.9329291359431441
Atlantic Southeast,2011-07-01,9652.0,268311.0,0.0,393.0,837.0,2.0,10.0,0.0,343.0,38.0,381.0,3723441.0,6337.0,10215.0,1.0554752982523423
Atlantic Southeast,2011-10-01,21909.0,301664.0,0.0,366.0,804.0,1.0,7.0,0.0,317.0,41.0,358.0,3426978.0,4399.0,7463.0,1.0679963513042687
Atlantic Southeast,2011-01-01,2870.0,95498.0,0.0,179.0,823.0,0.0,4.0,3.0,157.0,15.0,172.0,3185462.0,3531.0,7702.0,0.5619279087303506
Comair,2008-04-01,2798.0,26650.0,0.0,483.0,203.0,3.0,0.0,0.0,357.0,123.0,480.0,1364690.0,2383.0,3056.0,3.5392653276568304
Comair,2008-07-01,2938.0,61368.0,0.0,721.0,198.0,0.0,1.0,0.0,540.0,180.0,720.0,2078403.0,3032.0,5058.0,3.4690096194048987
Comair,2008-10-01,1825.0,53591.0,0.0,460.0,193.0,0.0,1.0,0.0,393.0,66.0,459.0,1609674.0,2561.0,3921.0,2.8577215013723274
Comair,2009-01-01,2904.0,94668.0,0.0,437.0,264.0,0.0,1.0,0.0,398.0,38.0,436.0,1377802.0,1386.0,3365.0,3.1717184326920704
Comair,2009-04-01,5712.0,34784.0,0.0,712.0,247.0,2.0,17.0,3.0,267.0,423.0,692.0,1689159.0,2642.0,5219.0,4.215115332541223
Comair,2009-07-01,3022.0,39026.0,0.0,405.0,227.0,5.0,4.0,0.0,246.0,150.0,401.0,1645034.0,3420.0,5588.0,2.4619551936312565
Comair,2009-10-01,856.0,17254.0,0.0,56.0,233.0,7.0,3.0,1.0,35.0,10.0,52.0,1419761.0,2032.0,4713.0,0.3944325840757705
Comair,2010-01-01,3231.0,61796.0,0.0,132.0,153.0,4.0,8.0,0.0,106.0,14.0,124.0,1315764.0,1299.0,4148.0,1.0032194223280162
Comair,2010-04-01,5020.0,47008.0,0.0,106.0,249.0,0.0,3.0,2.0,83.0,18.0,101.0,1580773.0,2524.0,5767.0,0.670558011808147
Comair,2010-07-01,3572.0,50128.0,0.0,106.0,527.0,0.0,5.0,1.0,89.0,11.0,100.0,1751303.0,4726.0,5489.0,0.6052636237133151
Comair,2010-10-01,999.0,24291.0,0.0,57.0,408.0,1.0,3.0,0.0,48.0,5.0,53.0,1597859.0,2362.0,3938.0,0.35672734577957127
Continental,2008-01-01,2648.0,175562.0,4990.0,1586.0,855.0,124.0,88.0,100.0,1221.0,53.0,1406.0,10075301.0,1147.0,10457.0,1.5741465192950563
Continental,2008-04-01,6484.0,166871.0,3100.0,1420.0,817.0,169.0,83.0,70.0,1022.0,76.0,1194.0,10819897.0,1842.0,10245.0,1.3123969664406232
Continental,2008-07-01,5206.0,282239.0,4100.0,1348.0,573.0,185.0,104.0,104.0,890.0,65.0,1080.0,10171175.0,2412.0,9036.0,1.3253139386550719
Continental,2008-10-01,3709.0,267948.0,2161.0,1317.0,792.0,85.0,95.0,77.0,975.0,85.0,1157.0,9217296.0,1850.0,8087.0,1.428835528337161
Continental,2009-01-01,5823.0,170242.0,2529.0,1230.0,990.0,194.0,95.0,49.0,814.0,78.0,950.0,8626868.0,2824.0,9797.0,1.4257781619007037
Continental,2009-04-01,7641.0,186520.0,1500.0,1368.0,817.0,237.0,48.0,207.0,827.0,49.0,1002.0,9830277.0,3919.0,9795.0,1.3916189747247203
Continental,2009-07-01,5695.0,163387.0,7402.0,1339.0,731.0,141.0,90.0,201.0,849.0,58.0,992.0,9873769.0,3236.0,9743.0,1.3561184184073984
Continental,2009-10-01,8593.0,407443.0,9936.0,1956.0,943.0,77.0,111.0,197.0,1503.0,68.0,1646.0,9193271.0,2760.0,8580.0,2.1276431424680076
Continental,2010-01-01,21219.0,587081.0,15910.0,2320.0,929.0,177.0,80.0,203.0,1784.0,76.0,2055.0,8494356.0,2867.0,10013.0,2.731225298303956
Continental,2010-04-01,23289.0,651649.0,12156.0,1852.0,1095.0,178.0,18.0,65.0,1510.0,81.0,1642.0,9456516.0,4228.0,8075.0,1.9584379701784462
Continental,2010-07-01,11313.0,367151.0,5849.0,1143.0,1004.0,85.0,8.0,92.0,898.0,60.0,1043.0,9511544.0,2483.0,7842.0,1.2016976423596422
Continental,2010-10-01,15432.0,472128.0,8813.0,1366.0,1138.0,88.0,8.0,67.0,1152.0,51.0,1265.0,9220356.0,2080.0,6665.0,1.4815046186936816
Continental,2011-04-01,13499.0,461277.0,7520.0,1712.0,1398.0,119.0,18.0,234.0,1266.0,75.0,1555.0,10177417.0,1872.0,7981.0,1.6821556982483865
Continental,2011-07-01,11208.0,532014.0,17758.0,1657.0,1151.0,129.0,73.0,121.0,1273.0,61.0,1441.0,10157979.0,2531.0,8628.0,1.6312299917139028
Continental,2011-10-01,23833.0,738290.0,3438.0,1077.0,1317.0,73.0,13.0,20.0,908.0,63.0,946.0,9633366.0,1409.0,6593.0,1.1179892884792295
Continental,2011-01-01,18275.0,404592.0,8479.0,1298.0,798.0,113.0,17.0,23.0,1080.0,65.0,1155.0,8706805.0,1210.0,7133.0,1.4907879526416405
Delta,2008-01-01,6664.0,249034.0,0.0,2836.0,5997.0,6.0,20.0,0.0,2432.0,378.0,2810.0,15722610.0,25298.0,15458.0,1.8037717656292436
Delta,2008-04-01,18676.0,244746.0,0.0,2370.0,5360.0,7.0,21.0,2.0,2026.0,314.0,2340.0,16734131.0,28493.0,15169.0,1.4162671488588203
Delta,2008-07-01,14773.0,348899.0,0.0,2838.0,6624.0,14.0,4.0,3.0,2476.0,341.0,2817.0,17188020.0,39202.0,18629.0,1.6511500452059051
Delta,2008-10-01,10982.0,518545.0,0.0,2359.0,6513.0,7.0,5.0,0.0,2094.0,253.0,2347.0,16090329.0,32185.0,12987.0,1.466098051817337
Delta,2009-01-01,18632.0,702468.0,0.0,2372.0,5929.0,4.0,6.0,0.0,2177.0,185.0,2362.0,14426780.0,29180.0,13981.0,1.644164532903392
Delta,2009-04-01,163340.0,555636.0,0.0,2554.0,6771.0,6.0,64.0,9.0,1565.0,910.0,2475.0,15881066.0,46733.0,16303.0,1.608204386279863
Delta,2009-07-01,15400.0,499172.0,0.0,1473.0,7253.0,3.0,15.0,3.0,1194.0,258.0,1452.0,16549227.0,51618.0,16313.0,0.8900717840174649
Delta,2009-10-01,10315.0,329780.0,0.0,557.0,6232.0,3.0,6.0,4.0,514.0,30.0,544.0,15029156.0,26384.0,10505.0,0.3706129605681117
Delta,2010-01-01,16132.0,712727.0,0.0,1372.0,8809.0,33.0,63.0,30.0,1182.0,64.0,1279.0,21884456.0,49846.0,30969.0,0.6269289947166153
Delta,2010-04-01,15564.0,584404.0,0.0,1017.0,12908.0,2.0,21.0,4.0,944.0,46.0,990.0,25552761.0,73619.0,30642.0,0.3980000439091494
Delta,2010-07-01,12068.0,476124.0,0.0,921.0,12838.0,9.0,37.0,31.0,801.0,43.0,844.0,26763823.0,83325.0,29292.0,0.34412124157299945
Delta,2010-10-01,11494.0,387540.0,0.0,704.0,12018.0,25.0,11.0,22.0,608.0,38.0,646.0,24546433.0,39790.0,18424.0,0.28680338198222116
Delta,2011-04-01,12635.0,461027.0,0.0,763.0,11480.0,3.0,22.0,2.0,696.0,40.0,736.0,26752092.0,49330.0,28195.0,0.28521133973373003
Delta,2011-07-01,37493.0,843719.0,0.0,1036.0,11730.0,7.0,9.0,2.0,926.0,92.0,1018.0,27524156.0,68871.0,30608.0,0.37639664591350236
Delta,2011-10-01,42692.0,731701.0,0.0,730.0,8991.0,1.0,6.0,2.0,647.0,74.0,721.0,24550823.0,37229.0,20145.0,0.2973423742250922
Delta,2011-01-01,5778.0,392284.0,0.0,656.0,10246.0,6.0,16.0,15.0,600.0,19.0,619.0,22640522.0,29604.0,23802.0,0.28974596963797916
Delta,2012-01-01,54580.0,1011119.0,0.0,1023.0,8578.0,1.0,37.0,9.0,883.0,93.0,976.0,23153402.0,26713.0,28208.0,0.44183571813766287
Delta,2012-04-01,39302.0,934058.0,0.0,1044.0,10517.0,2.0,117.0,31.0,825.0,69.0,894.0,27142748.0,47764.0,28487.0,0.3846331255774102
Delta,2012-07-01,60584.0,1063410.0,0.0,1254.0,13468.0,0.0,166.0,9.0,969.0,110.0,1079.0,28164144.0,65443.0,33809.0,0.4452469778595082
Delta,2012-10-01,51688.0,2066507.0,0.0,2021.0,11719.0,6.0,125.0,8.0,1792.0,90.0,1882.0,25496756.0,35934.0,31031.0,0.79264985710339
Delta,2013-01-01,41526.0,987176.0,0.0,1277.0,11651.0,139.0,197.0,18.0,847.0,76.0,923.0,24130377.0,27969.0,22445.0,0.5292084744469595
Delta,2013-04-01,29400.0,1169396.0,0.0,2374.0,13810.0,677.0,620.0,69.0,959.0,49.0,1008.0,27642624.0,39428.0,20416.0,0.8588186128784301
Delta,2013-07-01,45306.0,902110.0,0.0,1060.0,13203.0,153.0,22.0,2.0,809.0,74.0,883.0,28644455.0,42548.0,18240.0,0.3700541692973387
Delta,2013-10-01,51804.0,1462992.0,0.0,1359.0,13980.0,16.0,9.0,2.0,1246.0,86.0,1332.0,26365699.0,22815.0,19924.0,0.515442431471284
Delta,2014-01-01,41526.0,987176.0,0.0,1277.0,11651.0,139.0,197.0,18.0,847.0,76.0,923.0,24130377.0,27969.0,22445.0,0.5292084744469595
Delta,2014-04-01,72922.0,1427602.0,0.0,1405.0,15867.0,5.0,16.0,16.0,1245.0,123.0,1368.0,30361746.0,26486.0,29451.0,0.4627533607586336
Delta,2014-07-01,12358.0,477e3,0.0,564.0,16018.0,14.0,20.0,86.0,422.0,22.0,444.0,31309829.0,37060.0,26777.0,0.18013512625699746
Delta,2014-10-01,2918.0,162947.0,0.0,205.0,10490.0,21.0,3.0,38.0,140.0,3.0,143.0,28707710.0,20402.0,27149.0,0.07140938793097742
Delta,2015-01-01,9444.0,570872.0,0.0,604.0,14356.0,12.0,10.0,80.0,485.0,17.0,502.0,27561992.0,19244.0,40939.0,0.21914236097303852
Delta,2015-04-01,5538.0,320192.0,0.0,389.0,19553.0,4.0,4.0,51.0,276.0,54.0,330.0,32706490.0,21981.0,38643.0,0.11893663918078645
Delta,2015-07-01,5384.0,350906.0,0.0,479.0,17613.0,13.0,13.0,113.0,306.0,34.0,340.0,33714771.0,31522.0,33166.0,0.14207422616039717
Delta,2015-10-01,12872.0,422220.0,0.0,466.0,18917.0,4.0,12.0,80.0,349.0,21.0,370.0,31061602.0,20079.0,32658.0,0.1500244578499203
Delta,2016-01-01,2243.0,267168.0,3762.0,304.0,18085.0,4.0,14.0,55.0,227.0,4.0,231.0,29449621.0,20194.0,28325.0,0.10322713490947812
Endeavor,2013-07-01,19462.0,223049.0,0.0,240.0,864.0,5.0,0.0,1.0,199.0,35.0,234.0,3291022.0,3546.0,4104.0,0.7292567475999857
Endeavor,2013-10-01,16069.0,230556.0,0.0,249.0,1525.0,3.0,2.0,0.0,215.0,29.0,244.0,3036170.0,4118.0,4958.0,0.82011218080674
Envoy,2014-07-01,4342.0,83486.0,0.0,422.0,18.0,5.0,0.0,234.0,142.0,41.0,417.0,3940167.0,34.0,3340.0,1.0710205937971664
Envoy,2014-10-01,2850.0,149222.0,0.0,611.0,3.0,10.0,0.0,411.0,174.0,16.0,601.0,3643382.0,84.0,4749.0,1.6770132805179365
Envoy,2015-01-01,6236.0,251671.0,0.0,784.0,5.0,8.0,0.0,535.0,211.0,30.0,776.0,3094217.0,48.0,4485.0,2.533758944508417
Envoy,2015-04-01,9717.0,249685.0,0.0,924.0,60.0,17.0,0.0,532.0,325.0,50.0,907.0,3255510.0,58.0,5596.0,2.8382649723084863
Envoy,2015-07-01,10713.0,172725.0,0.0,529.0,39.0,8.0,0.0,276.0,205.0,40.0,521.0,2958349.0,75.0,4279.0,1.7881595443945255
Envoy,2015-10-01,5813.0,154225.0,0.0,555.0,78.0,8.0,0.0,308.0,199.0,40.0,547.0,2592952.0,55.0,3765.0,2.1404175626853097
ExpressJet,2008-04-01,3757.0,46227.0,938.0,332.0,1.0,28.0,17.0,0.0,257.0,30.0,294.0,1905479.0,5.0,2966.0,1.742344051023391
ExpressJet,2008-07-01,2490.0,66946.0,1413.0,582.0,1.0,26.0,39.0,0.0,467.0,50.0,532.0,3457303.0,4.0,4798.0,1.6833930957165166
ExpressJet,2008-10-01,1613.0,55732.0,1e3,461.0,0.0,37.0,33.0,0.0,361.0,30.0,400.0,2786163.0,4.0,4321.0,1.6546052761450065
ExpressJet,2009-01-01,2977.0,77844.0,2083.0,615.0,3.0,74.0,48.0,0.0,449.0,44.0,514.0,2569898.0,2.0,5191.0,2.393091087661845
ExpressJet,2009-04-01,2279.0,95752.0,600.0,738.0,0.0,103.0,59.0,0.0,530.0,46.0,594.0,3225197.0,8.0,5730.0,2.288232315731411
ExpressJet,2009-07-01,2941.0,71284.0,1450.0,426.0,1.0,33.0,16.0,0.0,324.0,39.0,370.0,3448058.0,4.0,4747.0,1.2354780575036732
ExpressJet,2009-10-01,5189.0,98944.0,2271.0,607.0,0.0,74.0,32.0,0.0,454.0,47.0,520.0,3151179.0,0.0,4824.0,1.9262631542035535
ExpressJet,2010-01-01,11059.0,169592.0,4586.0,870.0,0.0,59.0,20.0,0.0,714.0,77.0,791.0,3296038.0,0.0,6420.0,2.6395326752907584
ExpressJet,2010-04-01,7819.0,167061.0,2230.0,818.0,0.0,75.0,20.0,0.0,654.0,69.0,724.0,4176099.0,0.0,7358.0,1.9587658242776333
ExpressJet,2010-07-01,7019.0,149541.0,2485.0,621.0,0.0,49.0,8.0,0.0,507.0,57.0,566.0,4303947.0,0.0,6489.0,1.4428616337515308
ExpressJet,2010-10-01,3261.0,131196.0,2522.0,664.0,0.0,56.0,22.0,1.0,553.0,32.0,596.0,3893575.0,0.0,5306.0,1.705373596245096
ExpressJet,2011-04-01,13291.0,185327.0,8256.0,811.0,0.0,51.0,24.0,0.0,662.0,74.0,752.0,4339911.0,0.0,7985.0,1.8687019157766138
ExpressJet,2011-07-01,24850.0,288315.0,6309.0,919.0,0.0,35.0,19.0,0.0,702.0,163.0,872.0,4367314.0,0.0,7699.0,2.1042682069574115
ExpressJet,2011-10-01,20416.0,305352.0,14923.0,678.0,0.0,13.0,1.0,0.0,616.0,48.0,649.0,4062518.0,0.0,5857.0,1.6689156823428228
ExpressJet,2011-01-01,11585.0,124794.0,3228.0,556.0,0.0,32.0,22.0,0.0,443.0,59.0,528.0,3512336.0,0.0,6434.0,1.5829920599851495
ExpressJet,2012-01-01,33365.0,834540.0,10147.0,1301.0,854.0,12.0,26.0,27.0,1173.0,63.0,1224.0,6940867.0,3330.0,13962.0,1.8744056037956067
ExpressJet,2012-04-01,43618.0,886114.0,43654.0,1577.0,910.0,34.0,74.0,69.0,1297.0,103.0,1471.0,7989888.0,4043.0,14476.0,1.9737448134441935
ExpressJet,2012-07-01,49078.0,1242909.0,50111.0,2009.0,1385.0,17.0,101.0,32.0,1784.0,75.0,1867.0,8193856.0,5483.0,16699.0,2.451837083785705
ExpressJet,2012-10-01,40414.0,1121100.0,36918.0,1677.0,1735.0,18.0,79.0,27.0,1517.0,36.0,1512.0,7729179.0,4584.0,13374.0,2.1697000418802563
ExpressJet,2013-01-01,29071.0,1070441.0,32225.0,1763.0,2343.0,32.0,63.0,22.0,1616.0,30.0,1610.0,7107265.0,3999.0,13100.0,2.4805603843391233
ExpressJet,2013-04-01,27073.0,1132337.0,0.0,1593.0,1797.0,26.0,90.0,28.0,1399.0,50.0,1459.0,8226123.0,5388.0,11602.0,1.936513713689912
ExpressJet,2013-07-01,29129.0,783227.0,0.0,1158.0,1807.0,20.0,22.0,43.0,997.0,76.0,1104.0,8253891.0,5105.0,9715.0,1.4029746697648418
ExpressJet,2013-10-01,54558.0,1341374.0,0.0,1908.0,1872.0,23.0,51.0,35.0,1684.0,115.0,1821.0,7769435.0,4685.0,13427.0,2.455777028831569
ExpressJet,2014-01-01,29071.0,1070441.0,32225.0,1763.0,2343.0,32.0,63.0,22.0,1616.0,30.0,1610.0,7107265.0,3999.0,13100.0,2.4805603843391233
ExpressJet,2014-04-01,59280.0,2132120.0,0.0,2784.0,2245.0,54.0,72.0,95.0,2451.0,112.0,2645.0,7735969.0,6336.0,16961.0,3.598773469748909
ExpressJet,2014-07-01,20256.0,714781.0,0.0,1120.0,2294.0,23.0,22.0,80.0,931.0,64.0,1030.0,7834239.0,6350.0,10615.0,1.429621945411673
ExpressJet,2014-10-01,26154.0,827722.0,1300.0,1247.0,1547.0,28.0,55.0,42.0,1056.0,66.0,1165.0,6968965.0,4414.0,11856.0,1.7893618349353169
ExpressJet,2015-01-01,29789.0,851724.0,0.0,1312.0,1566.0,18.0,55.0,121.0,1056.0,62.0,1237.0,6083566.0,3498.0,12437.0,2.1566298450612686
ExpressJet,2015-04-01,31941.0,878936.0,0.0,1338.0,2200.0,16.0,35.0,172.0,1042.0,73.0,1280.0,6567149.0,3842.0,12001.0,2.037413800113261
ExpressJet,2015-07-01,26037.0,663404.0,500.0,962.0,2170.0,5.0,20.0,128.0,758.0,51.0,909.0,6328398.0,4535.0,9527.0,1.5201319512457971
ExpressJet,2015-10-01,20851.0,683972.0,0.0,996.0,1966.0,6.0,19.0,107.0,826.0,38.0,970.0,5757488.0,3426.0,8968.0,1.729921104481677
ExpressJet,2016-01-01,12765.0,489205.0,500.0,757.0,1736.0,7.0,18.0,138.0,562.0,32.0,710.0,5175359.0,3293.0,7708.0,1.462700461938969
Frontier,2008-01-01,1800.0,3600.0,450.0,333.0,0.0,19.0,0.0,58.0,237.0,19.0,0.0,2507991.0,0.0,1147.0,1.3277559608467493
Frontier,2008-04-01,1400.0,3e3,550.0,150.0,0.0,9.0,0.0,35.0,98.0,8.0,0.0,2771920.0,0.0,1115.0,0.541141158474992
Frontier,2008-07-01,1600.0,4e3,1200.0,173.0,0.0,14.0,0.0,26.0,120.0,13.0,0.0,2869297.0,0.0,1053.0,0.602935144043994
Frontier,2008-10-01,800.0,12800.0,3600.0,327.0,0.0,12.0,0.0,21.0,285.0,9.0,17.0,2348314.0,0.0,1121.0,1.3924883980592033
Frontier,2009-01-01,1124.0,5862.0,1679.0,232.0,0.0,18.0,3.0,32.0,174.0,5.0,9.0,2094048.0,0.0,632.0,1.107902015617598
Frontier,2009-04-01,694.0,4851.0,988.0,639.0,0.0,28.0,3.0,74.0,525.0,9.0,0.0,2476619.0,0.0,2123.0,2.580130411662028
Frontier,2009-07-01,582.0,3950.0,679.0,601.0,0.0,38.0,5.0,148.0,396.0,14.0,0.0,2646678.0,0.0,2708.0,2.2707711327180715
Frontier,2009-10-01,400.0,8600.0,1600.0,297.0,0.0,12.0,5.0,38.0,234.0,8.0,9.0,2201707.0,0.0,1155.0,1.3489533348442821
Frontier,2010-01-01,522.0,6129.0,1423.0,476.0,0.0,22.0,6.0,101.0,339.0,8.0,5.0,2014717.0,0.0,1335.0,2.362614699732022
Frontier,2010-04-01,849.0,7598.0,1158.0,750.0,0.0,58.0,3.0,196.0,463.0,30.0,5.0,2483643.0,0.0,2202.0,3.019757670486459
Frontier,2010-07-01,749.0,6575.0,1765.0,694.0,0.0,39.0,3.0,291.0,340.0,21.0,18.0,2606366.0,0.0,2428.0,2.6627112232127033
Frontier,2010-10-01,678.0,3465.0,1229.0,188.0,0.0,26.0,6.0,48.0,98.0,10.0,18.0,2241300.0,0.0,784.0,0.8387989113460939
Frontier,2011-04-01,323.0,3802.0,600.0,248.0,0.0,8.0,6.0,36.0,191.0,7.0,10.0,2638684.0,0.0,1201.0,0.939862446583221
Frontier,2011-07-01,297.0,7564.0,512.0,330.0,0.0,9.0,6.0,88.0,213.0,14.0,23.0,3045475.0,0.0,1297.0,1.0835748118109654
Frontier,2011-10-01,1271.0,25345.0,689.0,212.0,0.0,6.0,5.0,51.0,142.0,8.0,47.0,2721582.0,0.0,1108.0,0.7789587085746451
Frontier,2011-01-01,592.0,7097.0,1850.0,233.0,0.0,14.0,8.0,69.0,119.0,23.0,23.0,2090355.0,0.0,837.0,1.1146432065366887
Frontier,2012-01-01,886.0,14409.0,4755.0,109.0,0.0,4.0,3.0,29.0,68.0,5.0,17.0,2409538.0,0.0,399.0,0.45236887735325193
Frontier,2012-04-01,795.0,13598.0,2251.0,261.0,0.0,6.0,8.0,108.0,132.0,7.0,20.0,2597591.0,0.0,798.0,1.0047771184917103
Frontier,2012-07-01,896.0,18215.0,3251.0,333.0,0.0,10.0,12.0,158.0,140.0,13.0,26.0,2779046.0,0.0,1059.0,1.1982529256442678
Frontier,2012-10-01,227.0,4899.0,2215.0,105.0,0.0,5.0,5.0,28.0,62.0,5.0,7.0,2537924.0,0.0,426.0,0.4137239728218812
Frontier,2013-01-01,898.0,1372444.0,498.0,180.0,0.0,7.0,3.0,48.0,118.0,4.0,18.0,2264114.0,0.0,492.0,0.7950129719616592
Frontier,2013-04-01,1346.0,26456.0,1023.0,357.0,0.0,25.0,10.0,145.0,171.0,6.0,29.0,2589674.0,0.0,908.0,1.3785518949489395
Frontier,2013-07-01,2549.0,52596.0,1987.0,416.0,0.0,35.0,5.0,179.0,189.0,8.0,68.0,2842615.0,0.0,1169.0,1.4634412328085231
Frontier,2013-10-01,3522.0,63580.0,1562.0,319.0,0.0,68.0,3.0,98.0,140.0,10.0,48.0,2665493.0,0.0,924.0,1.1967767313588893
Frontier,2014-01-01,898.0,1372444.0,498.0,180.0,0.0,7.0,3.0,48.0,118.0,4.0,18.0,2264114.0,0.0,492.0,0.7950129719616592
Frontier,2014-04-01,2962.0,38560.0,3256.0,349.0,0.0,28.0,3.0,87.0,219.0,12.0,37.0,2937116.0,0.0,934.0,1.1882404372180058
Frontier,2014-07-01,3175.0,44064.0,8566.0,540.0,0.0,43.0,5.0,112.0,370.0,10.0,68.0,3323385.0,0.0,1069.0,1.6248493629236456
Frontier,2014-10-01,2495.0,49548.0,7980.0,441.0,0.0,59.0,6.0,79.0,289.0,8.0,108.0,3125104.0,0.0,1206.0,1.4111530368269343
Frontier,2015-01-01,1987.0,27450.0,2899.0,209.0,0.0,14.0,1.0,89.0,102.0,8.0,42.0,2632410.0,0.0,682.0,0.793949270820275
Frontier,2015-04-01,1899.0,21550.0,3150.0,253.0,0.0,31.0,2.0,101.0,109.0,10.0,44.0,2962152.0,0.0,699.0,0.8541087695702314
Frontier,2015-07-01,1798.0,31352.0,3545.0,390.0,0.0,42.0,2.0,112.0,229.0,5.0,52.0,3201831.0,0.0,715.0,1.2180530452731577
Frontier,2015-10-01,2108.0,19475.0,3545.0,380.0,0.0,65.0,1.0,87.0,219.0,8.0,42.0,3547147.0,0.0,648.0,1.07128348500922
Frontier,2016-01-01,1452.0,24567.0,2011.0,161.0,0.0,18.0,1.0,47.0,91.0,4.0,38.0,3151585.0,0.0,379.0,0.5108540623210226
Hawaiian,2008-01-01,0.0,0.0,2100.0,16.0,0.0,0.0,0.0,0.0,0.0,16.0,16.0,1723996.0,0.0,153.0,0.09280763992491863
Hawaiian,2008-04-01,0.0,0.0,0.0,20.0,0.0,0.0,0.0,0.0,0.0,20.0,20.0,2153980.0,0.0,45.0,0.09285137280754696
Hawaiian,2008-07-01,0.0,0.0,240.0,11.0,0.0,0.0,0.0,0.0,0.0,11.0,11.0,2049060.0,0.0,42.0,0.05368315227470157
Hawaiian,2008-10-01,185.0,0.0,0.0,7.0,0.0,0.0,0.0,0.0,0.0,7.0,0.0,1920675.0,0.0,77.0,0.036445520455048355
Hawaiian,2009-01-01,525.0,2101.0,1200.0,14.0,0.0,0.0,0.0,0.0,4.0,10.0,14.0,1995333.0,0.0,82.0,0.07016372705708772
Hawaiian,2009-04-01,0.0,0.0,0.0,1.0,0.0,0.0,0.0,0.0,0.0,1.0,0.0,2080657.0,0.0,14.0,0.00480617420362895
Hawaiian,2009-07-01,0.0,0.0,0.0,0.0,0.0,0.0,0.0,0.0,0.0,0.0,0.0,2202143.0,0.0,36.0,0.0
Hawaiian,2009-10-01,0.0,0.0,0.0,7.0,0.0,0.0,0.0,0.0,0.0,7.0,0.0,2066495.0,0.0,41.0,0.03387378145120119
Hawaiian,2010-01-01,2600.0,0.0,407.0,28.0,0.0,0.0,0.0,0.0,0.0,28.0,28.0,1999172.0,0.0,109.0,0.14005798400537822
Hawaiian,2010-04-01,200.0,0.0,0.0,6.0,0.0,0.0,0.0,0.0,0.0,6.0,0.0,2075548.0,0.0,101.0,0.028908028144856202
Hawaiian,2010-07-01,0.0,0.0,0.0,0.0,0.0,0.0,0.0,0.0,0.0,0.0,0.0,2251990.0,0.0,37.0,0.0
Hawaiian,2010-10-01,0.0,0.0,0.0,2.0,0.0,0.0,0.0,0.0,2.0,0.0,0.0,2097578.0,0.0,118.0,0.009534806333781152
Hawaiian,2011-04-01,836.0,0.0,1800.0,9.0,0.0,0.0,0.0,0.0,0.0,9.0,9.0,2151581.0,0.0,146.0,0.041829705690838506
Hawaiian,2011-07-01,2760.0,0.0,1200.0,3.0,0.0,0.0,0.0,0.0,0.0,3.0,3.0,2266585.0,0.0,171.0,0.01323577099469025
Hawaiian,2011-10-01,6280.0,0.0,14620.0,55.0,0.0,0.0,0.0,0.0,0.0,55.0,55.0,2152144.0,0.0,225.0,0.25555910756901024
Hawaiian,2011-01-01,1e3,0.0,200.0,25.0,0.0,0.0,0.0,0.0,0.0,25.0,25.0,2089095.0,0.0,83.0,0.11966904329386648
Hawaiian,2012-01-01,21234.0,0.0,200.0,80.0,0.0,0.0,0.0,0.0,0.0,80.0,80.0,2218145.0,0.0,174.0,0.36066172409828934
Hawaiian,2012-04-01,1769.0,0.0,2100.0,11.0,0.0,0.0,0.0,0.0,0.0,11.0,11.0,2328787.0,0.0,189.0,0.04723489095396015
Hawaiian,2012-07-01,6318.0,1274.0,2915.0,36.0,0.0,0.0,0.0,0.0,3.0,33.0,36.0,2518738.0,0.0,325.0,0.14292872065296192
Hawaiian,2012-10-01,10907.0,0.0,11350.0,41.0,0.0,0.0,0.0,0.0,0.0,41.0,41.0,2410581.0,0.0,219.0,0.17008347780058003
Hawaiian,2013-01-01,7837.0,0.0,13717.0,51.0,0.0,0.0,0.0,0.0,0.0,51.0,51.0,2397157.0,0.0,332.0,0.21275202249998645
Hawaiian,2013-04-01,1116.0,660.0,21472.0,56.0,0.0,0.0,0.0,0.0,2.0,54.0,56.0,2481456.0,0.0,449.0,0.22567395915946123
Hawaiian,2013-07-01,6800.0,0.0,15285.0,21.0,0.0,0.0,0.0,0.0,0.0,21.0,21.0,2644328.0,0.0,199.0,0.07941526164681538
Hawaiian,2013-10-01,7027.0,1e3,13734.0,44.0,0.0,0.0,0.0,0.0,1.0,43.0,44.0,2405889.0,0.0,167.0,0.18288458029443586
Hawaiian,2014-01-01,7837.0,0.0,13717.0,51.0,0.0,0.0,0.0,0.0,0.0,51.0,51.0,2397157.0,0.0,332.0,0.21275202249998645
Hawaiian,2014-04-01,4640.0,0.0,2100.0,10.0,0.0,0.0,0.0,0.0,0.0,10.0,10.0,2505196.0,0.0,102.0,0.03991703643148081
Hawaiian,2014-07-01,2450.0,0.0,9250.0,81.0,0.0,0.0,0.0,0.0,1.0,80.0,81.0,2671867.0,0.0,92.0,0.30315880244039095
Hawaiian,2014-10-01,0.0,0.0,15980.0,0.0,0.0,0.0,0.0,0.0,0.0,0.0,0.0,2507376.0,0.0,78.0,0.0
Hawaiian,2015-01-01,500.0,0.0,8550.0,7.0,0.0,0.0,0.0,0.0,0.0,7.0,7.0,2472431.0,0.0,110.0,0.028312215790855234
Hawaiian,2015-04-01,0.0,0.0,600.0,2.0,0.0,0.0,0.0,0.0,0.0,2.0,0.0,2605895.0,0.0,54.0,0.007674906318174754
Hawaiian,2015-07-01,5538.0,998.0,9200.0,12.0,0.0,0.0,0.0,0.0,6.0,6.0,0.0,2775894.0,0.0,124.0,0.043229316393205215
Hawaiian,2015-10-01,5460.0,0.0,5750.0,8.0,0.0,0.0,0.0,0.0,0.0,8.0,0.0,2608124.0,0.0,70.0,0.030673388228473798
Hawaiian,2016-01-01,0.0,0.0,12673.0,2.0,0.0,0.0,0.0,0.0,0.0,2.0,0.0,2599123.0,0.0,37.0,0.007694903242362904
JetBlue,2008-01-01,2400.0,0.0,10149.0,9.0,0.0,0.0,0.0,0.0,0.0,9.0,9.0,5518098.0,0.0,23.0,0.016309967673644073
JetBlue,2008-04-01,1e3,0.0,652.0,5.0,NA,0.0,0.0,0.0,0.0,5.0,5.0,5637086.0,NA,3.0,0.008869830972953047
JetBlue,2008-07-01,1800.0,0.0,13475.0,3.0,NA,0.0,0.0,0.0,0.0,3.0,0.0,5637086.0,NA,25.0,0.005321898583771828
JetBlue,2008-10-01,1300.0,0.0,1924.0,5.0,NA,0.0,0.0,0.0,0.0,5.0,5.0,5108284.0,NA,7.0,0.009788022748930952
JetBlue,2009-01-01,0.0,0.0,1e3,0.0,0.0,0.0,0.0,0.0,0.0,0.0,0.0,5108284.0,0.0,1.0,0.0
JetBlue,2009-04-01,1899.0,0.0,6668.0,7.0,0.0,0.0,0.0,0.0,0.0,0.0,7.0,5690972.0,0.0,23.0,0.012300183518738099
JetBlue,2009-07-01,0.0,0.0,906.0,0.0,0.0,0.0,0.0,0.0,0.0,0.0,0.0,6011251.0,0.0,4.0,0.0
JetBlue,2009-10-01,2e3,0.0,2800.0,2.0,0.0,0.0,0.0,0.0,0.0,2.0,2.0,5456842.0,0.0,5.0,0.0036651235274908086
JetBlue,2010-01-01,4744.0,0.0,6490.0,7.0,0.0,0.0,0.0,0.0,0.0,7.0,7.0,5528333.0,0.0,27.0,0.012662044779140475
JetBlue,2010-04-01,0.0,0.0,1600.0,0.0,0.0,0.0,0.0,0.0,0.0,0.0,0.0,6113408.0,0.0,4.0,0.0
JetBlue,2010-07-01,3e3,0.0,350.0,3.0,0.0,0.0,0.0,0.0,0.0,3.0,3.0,6572961.0,0.0,1.0,0.004564153050657078
JetBlue,2010-10-01,9850.0,0.0,10613.0,12.0,0.0,0.0,0.0,0.0,0.0,12.0,12.0,6039231.0,0.0,21.0,0.019870079485285463
JetBlue,2011-04-01,0.0,0.0,3430.0,0.0,0.0,0.0,0.0,0.0,0.0,0.0,0.0,6622343.0,0.0,9.0,0.0
JetBlue,2011-07-01,9600.0,0.0,3930.0,8.0,0.0,0.0,0.0,0.0,0.0,8.0,8.0,7015965.0,0.0,16.0,0.011402565434690738
JetBlue,2011-10-01,0.0,0.0,17862.0,11.0,0.0,11.0,0.0,0.0,0.0,0.0,0.0,6291058.0,0.0,56.0,0.01748513525070028
JetBlue,2011-01-01,8e3,0.0,7e3,12.0,0.0,0.0,0.0,0.0,0.0,12.0,12.0,6038693.0,0.0,14.0,0.01987184975291839
JetBlue,2012-01-01,5200.0,0.0,0.0,4.0,0.0,0.0,0.0,0.0,0.0,4.0,4.0,6371852.0,0.0,0.0,0.006277609712215538
JetBlue,2012-04-01,6105.0,1300.0,49389.0,12.0,0.0,0.0,0.0,0.0,1.0,11.0,12.0,6832293.0,0.0,114.0,0.01756364956830745
JetBlue,2012-07-01,2230.0,0.0,30525.0,10.0,0.0,2.0,0.0,0.0,0.0,8.0,8.0,7138623.0,0.0,77.0,0.014008303842351669
JetBlue,2012-10-01,9688.0,0.0,22324.0,13.0,0.0,0.0,0.0,0.0,0.0,13.0,13.0,6573215.0,0.0,54.0,0.019777232298045934
JetBlue,2013-01-01,1300.0,0.0,61250.0,1.0,0.0,0.0,0.0,0.0,0.0,1.0,1.0,6765286.0,0.0,170.0,0.0014781341099252862
JetBlue,2013-04-01,9400.0,0.0,46354.0,15.0,0.0,0.0,0.0,0.0,0.0,15.0,15.0,7188445.0,0.0,126.0,0.02086682168396642
JetBlue,2013-07-01,695.0,500.0,27598.0,2.0,0.0,0.0,0.0,0.0,1.0,1.0,2.0,7381669.0,0.0,61.0,0.0027094143614404815
JetBlue,2013-10-01,1e3,0.0,60277.0,1.0,0.0,0.0,0.0,0.0,0.0,1.0,1.0,6831371.0,0.0,145.0,0.0014638350047157444
JetBlue,2014-01-01,1300.0,0.0,61250.0,1.0,0.0,0.0,0.0,0.0,0.0,1.0,1.0,6765286.0,0.0,170.0,0.0014781341099252862
JetBlue,2014-04-01,52029.0,0.0,127024.0,70.0,0.0,0.0,0.0,0.0,0.0,70.0,70.0,7489539.0,0.0,279.0,0.09346369649720764
JetBlue,2014-07-01,10370.0,0.0,322592.0,526.0,2.0,3.0,0.0,510.0,0.0,13.0,13.0,7727979.0,8.0,851.0,0.6806436715213641
JetBlue,2014-10-01,3200.0,0.0,128521.0,30.0,1.0,1.0,0.0,27.0,0.0,2.0,2.0,7350027.0,0.0,407.0,0.040816176593637
JetBlue,2015-01-01,37789.0,0.0,264132.0,39.0,147.0,0.0,0.0,0.0,0.0,39.0,39.0,7357389.0,0.0,619.0,0.0530079352879126
JetBlue,2015-04-01,6300.0,0.0,96726.0,5.0,83.0,0.0,0.0,0.0,0.0,5.0,5.0,8105136.0,0.0,266.0,0.006168927948895614
JetBlue,2015-07-01,8371.0,0.0,127117.0,8.0,39.0,0.0,0.0,0.0,0.0,8.0,8.0,8318476.0,0.0,358.0,0.00961714621764852
JetBlue,2015-10-01,14200.0,0.0,269970.0,21.0,64.0,0.0,0.0,0.0,0.0,21.0,17.0,8168250.0,0.0,598.0,0.02570930125791938
JetBlue,2016-01-01,31200.0,0.0,221911.0,28.0,27.0,0.0,0.0,0.0,0.0,28.0,27.0,8244033.0,0.0,488.0,0.033963959144753544
Mesa,2008-01-01,32695.0,200.0,200.0,189.0,556.0,0.0,32.0,0.0,24.0,133.0,157.0,1584168.0,1908.0,5479.0,1.1930552820155438
Mesa,2008-04-01,53438.0,4248.0,0.0,417.0,607.0,0.0,42.0,4.0,75.0,296.0,333.0,2780662.0,3192.0,6099.0,1.4996428907936312
Mesa,2008-07-01,56458.0,9246.0,714.0,412.0,565.0,0.0,54.0,3.0,78.0,277.0,355.0,2883119.0,3212.0,6718.0,1.429007959782444
Mesa,2008-10-01,49529.0,7287.0,0.0,337.0,564.0,31.0,65.0,6.0,67.0,168.0,236.0,2699828.0,2619.0,6752.0,1.248227664873466
Mesa,2009-01-01,56912.0,4598.0,0.0,303.0,422.0,30.0,43.0,0.0,53.0,177.0,230.0,2494444.0,2261.0,5720.0,1.2146995482760887
Mesa,2009-04-01,87875.0,28753.0,0.0,486.0,605.0,57.0,32.0,2.0,133.0,262.0,303.0,2882497.0,3485.0,7091.0,1.6860381814794603
Mesa,2009-07-01,55891.0,14521.0,0.0,400.0,630.0,13.0,35.0,15.0,123.0,214.0,337.0,2909167.0,3644.0,5353.0,1.3749640360969309
Mesa,2009-10-01,62462.0,9652.0,0.0,429.0,461.0,64.0,63.0,1.0,81.0,220.0,301.0,2698257.0,2611.0,4316.0,1.5899152675227008
Mesa,2010-01-01,120693.0,7966.0,0.0,503.0,624.0,75.0,31.0,5.0,68.0,324.0,392.0,2308909.0,2862.0,4172.0,2.178518079317981
Mesa,2010-04-01,94850.0,7689.0,0.0,606.0,616.0,112.0,49.0,2.0,64.0,324.0,414.0,2366318.0,1336.0,3792.0,2.560940668160408
Mesa,2010-07-01,110021.0,17010.0,0.0,614.0,614.0,61.0,56.0,2.0,164.0,433.0,495.0,2272104.0,1453.0,3410.0,2.702341090020527
Mesa,2010-10-01,103731.0,7733.0,0.0,564.0,444.0,81.0,55.0,27.0,111.0,377.0,383.0,2018689.0,1039.0,3575.0,2.79389247179729
Mesa,2011-04-01,135053.0,0.0,0.0,541.0,131.0,54.0,39.0,4.0,23.0,421.0,416.0,1794852.0,349.0,2125.0,3.0141760991992657
Mesa,2011-07-01,93305.0,6015.0,0.0,387.0,880.0,35.0,43.0,4.0,52.0,253.0,268.0,2097955.0,763.0,2953.0,1.8446534839879787
Mesa,2011-10-01,209901.0,12145.0,0.0,495.0,1132.0,12.0,39.0,7.0,81.0,363.0,367.0,1844739.0,564.0,2226.0,2.6833064189568283
Mesa,2011-01-01,93007.0,13138.0,0.0,352.0,445.0,37.0,21.0,4.0,52.0,247.0,290.0,2080943.0,775.0,2897.0,1.69154080625947
Mesa,2012-01-01,233881.0,32816.0,300.0,446.0,1227.0,14.0,19.0,1.0,92.0,320.0,370.0,1877874.0,307.0,1900.0,2.3750262264667388
Mesa,2012-04-01,187933.0,43941.0,9063.0,481.0,1266.0,33.0,35.0,2.0,146.0,265.0,346.0,1863476.0,15.0,2566.0,2.581197718671987
Mesa,2012-07-01,180031.0,70999.0,3900.0,490.0,1608.0,14.0,59.0,0.0,121.0,296.0,459.0,1957583.0,26.0,1637.0,2.5030867145863036
Mesa,2012-10-01,226733.0,70459.0,5180.0,512.0,1263.0,11.0,29.0,3.0,107.0,379.0,464.0,1899862.0,17.0,1510.0,2.6949325793136554
Mesa,2013-01-01,185536.0,132105.0,4224.0,539.0,776.0,24.0,11.0,0.0,190.0,314.0,503.0,1834793.0,5.0,1202.0,2.9376610876540297
Mesa,2013-04-01,295441.0,103604.0,0.0,646.0,1213.0,18.0,28.0,2.0,159.0,441.0,597.0,2156621.0,7.0,1725.0,2.9954266419551696
Mesa,2013-07-01,192092.0,87711.0,0.0,494.0,1123.0,39.0,23.0,5.0,102.0,348.0,404.0,2298325.0,7.0,1907.0,2.149391404609879
Mesa,2013-10-01,195611.0,221217.0,0.0,518.0,957.0,12.0,17.0,0.0,220.0,269.0,479.0,2111954.0,11.0,1915.0,2.452704935808261
Northwest,2008-01-01,66695.0,0.0,4860.0,1233.0,156.0,425.0,12.0,231.0,0.0,565.0,1147.0,10713842.0,2330.0,15855.0,1.1508476604377775
Northwest,2008-04-01,45523.0,0.0,692.0,730.0,100.0,293.0,8.0,136.0,0.0,293.0,608.0,11690963.0,3539.0,13229.0,0.624413916971596
Northwest,2008-07-01,64418.0,0.0,10536.0,536.0,66.0,236.0,12.0,71.0,0.0,217.0,423.0,11008983.0,4434.0,11540.0,0.48687512733919197
Northwest,2008-10-01,62859.0,0.0,1415.0,528.0,61.0,226.0,8.0,63.0,0.0,231.0,437.0,9105374.0,2506.0,7849.0,0.5798773339788129
Northwest,2009-01-01,94123.0,0.0,778.0,569.0,31.0,252.0,8.0,35.0,0.0,274.0,478.0,8365018.0,2471.0,12089.0,0.6802137186076587
Northwest,2009-04-01,84258.0,0.0,4231.0,702.0,16.0,302.0,4.0,42.0,0.0,354.0,616.0,9535634.0,4177.0,11828.0,0.7361859735807813
Northwest,2009-07-01,27181.0,0.0,2384.0,427.0,39.0,138.0,14.0,148.0,0.0,127.0,354.0,9787432.0,3605.0,11998.0,0.43627378458414834
Northwest,2009-10-01,37947.0,0.0,870.0,425.0,26.0,151.0,8.0,106.0,0.0,160.0,365.0,7911135.0,1852.0,8142.0,0.5372174789078937
Pinnacle,2008-01-01,0.0,600.0,0.0,45.0,132.0,0.0,0.0,0.0,40.0,5.0,45.0,95473.0,466.0,149.0,4.713374461889749
Pinnacle,2008-04-01,0.0,3798.0,0.0,76.0,115.0,0.0,0.0,0.0,66.0,10.0,76.0,228366.0,1368.0,306.0,3.327991031939956
Pinnacle,2008-07-01,208.0,3908.0,0.0,39.0,121.0,0.0,0.0,0.0,32.0,7.0,39.0,268585.0,1616.0,353.0,1.4520542844909432
Pinnacle,2008-10-01,191.0,29841.0,0.0,380.0,227.0,124.0,0.0,8.0,58.0,190.0,371.0,2568204.0,1828.0,5764.0,1.4796332378580517
Pinnacle,2009-01-01,30155.0,27764.0,1125.0,376.0,219.0,118.0,5.0,0.0,65.0,188.0,363.0,2355938.0,1809.0,6526.0,1.5959672962531273
Pinnacle,2009-04-01,36130.0,5074.0,386.0,375.0,301.0,117.0,6.0,0.0,43.0,209.0,357.0,2710661.0,3287.0,7330.0,1.3834264041132402
Pinnacle,2009-07-01,20320.0,10972.0,544.0,264.0,308.0,79.0,3.0,2.0,48.0,132.0,260.0,2869462.0,3101.0,6369.0,0.9200330933115686
Pinnacle,2009-10-01,11657.0,18924.0,789.0,208.0,264.0,69.0,2.0,0.0,35.0,102.0,201.0,2573221.0,2060.0,6028.0,0.8083254411494388
Pinnacle,2010-01-01,8070.0,68184.0,0.0,184.0,240.0,17.0,20.0,0.0,110.0,37.0,158.0,2493458.0,1566.0,8241.0,0.7379310178876083
Pinnacle,2010-04-01,8327.0,73402.0,0.0,192.0,304.0,5.0,10.0,0.0,151.0,26.0,177.0,2721953.0,2750.0,8071.0,0.7053758826842345
Pinnacle,2010-07-01,5886.0,128876.0,0.0,263.0,238.0,4.0,5.0,0.0,233.0,21.0,254.0,2762653.0,2617.0,8489.0,0.9519834738564705
Pinnacle,2010-10-01,2158.0,79640.0,0.0,142.0,245.0,0.0,2.0,0.0,132.0,8.0,140.0,2527629.0,1869.0,6065.0,0.5617913071894649
Pinnacle,2013-01-01,12750.0,266538.0,0.0,313.0,1119.0,22.0,36.0,0.0,232.0,23.0,255.0,3029359.0,3420.0,5738.0,1.0332218796121555
Pinnacle,2013-04-01,11868.0,217106.0,0.0,281.0,961.0,21.0,44.0,0.0,194.0,22.0,216.0,3350594.0,3328.0,5144.0,0.8386572649506326
Skywest,2008-01-01,336.0,25231.0,0.0,371.0,1374.0,0.0,1.0,0.0,318.0,52.0,370.0,1834243.0,6017.0,3010.0,2.0226327700310156
Skywest,2008-04-01,3436.0,45457.0,0.0,490.0,1488.0,3.0,7.0,0.0,366.0,114.0,459.0,3645605.0,7957.0,10029.0,1.3440841780719524
Skywest,2008-07-01,7391.0,109112.0,0.0,672.0,1363.0,6.0,14.0,0.0,519.0,133.0,652.0,5338081.0,8030.0,12280.0,1.2588793613285374
Skywest,2008-10-01,6188.0,61650.0,0.0,557.0,1399.0,6.0,4.0,0.0,427.0,120.0,547.0,4754319.0,5790.0,8836.0,1.1715663168584187
Skywest,2009-01-01,5127.0,147102.0,0.0,720.0,1370.0,6.0,3.0,0.0,549.0,162.0,711.0,4592875.0,6005.0,9654.0,1.5676455379255911
Skywest,2009-04-01,12246.0,53304.0,0.0,517.0,1935.0,3.0,21.0,1.0,303.0,189.0,494.0,5242638.0,11043.0,9927.0,0.9861447614731363
Skywest,2009-07-01,6165.0,51298.0,0.0,423.0,2054.0,5.0,8.0,0.0,299.0,178.0,384.0,5644301.0,13960.0,10818.0,0.7494284943343736
Skywest,2009-10-01,7686.0,65375.0,0.0,474.0,1622.0,15.0,18.0,0.0,230.0,211.0,456.0,5241819.0,11296.0,10526.0,0.904266248033364
Skywest,2010-01-01,9374.0,193430.0,0.0,688.0,1933.0,1.0,11.0,1.0,587.0,88.0,675.0,5402551.0,12605.0,15730.0,1.2734724762431675
Skywest,2010-04-01,9067.0,50663.0,0.0,320.0,1955.0,6.0,3.0,0.0,234.0,77.0,313.0,5986774.0,8547.0,11666.0,0.5345115750151918
Skywest,2010-07-01,4889.0,86934.0,0.0,301.0,2210.0,1.0,2.0,1.0,251.0,46.0,297.0,6302913.0,11549.0,12292.0,0.47755696453370056
Skywest,2010-10-01,8802.0,96034.0,800.0,346.0,1976.0,1.0,4.0,11.0,266.0,64.0,338.0,6006681.0,7934.0,11301.0,0.576025262536832
Skywest,2011-04-01,5477.0,95390.0,0.0,336.0,1633.0,8.0,4.0,0.0,269.0,55.0,324.0,6210623.0,6384.0,11295.0,0.5410085268418321
Skywest,2011-07-01,16706.0,191803.0,1200.0,482.0,2641.0,33.0,8.0,6.0,358.0,77.0,442.0,6624658.0,8920.0,12506.0,0.7275847296569876
Skywest,2011-10-01,23996.0,255294.0,0.0,406.0,2190.0,7.0,4.0,4.0,331.0,60.0,392.0,6009979.0,5545.0,10520.0,0.6755431258578442
Skywest,2011-01-01,7143.0,130613.0,0.0,453.0,1538.0,4.0,4.0,5.0,371.0,69.0,445.0,5714175.0,5606.0,14697.0,0.7927653598288467
Skywest,2012-01-01,77404.0,584554.0,13518.0,972.0,1809.0,9.0,17.0,11.0,790.0,145.0,932.0,5942158.0,4050.0,11901.0,1.6357693619052205
Skywest,2012-04-01,105792.0,729869.0,43003.0,1630.0,775.0,7.0,82.0,87.0,1255.0,199.0,1535.0,6637699.0,4556.0,10932.0,2.4556702556111687
Skywest,2012-07-01,105927.0,797701.0,30509.0,1577.0,796.0,28.0,38.0,92.0,1247.0,172.0,1471.0,6868429.0,6236.0,10281.0,2.2960126689815095
Skywest,2012-10-01,85752.0,923142.0,34143.0,1811.0,1338.0,16.0,67.0,133.0,1484.0,111.0,1628.0,6419001.0,6405.0,11119.0,2.821311291274141
Skywest,2013-01-01,68265.0,958616.0,35332.0,1843.0,1451.0,29.0,67.0,143.0,1508.0,96.0,1711.0,6314061.0,4276.0,10542.0,2.9188821584080356
Skywest,2013-04-01,91390.0,677668.0,0.0,1436.0,1432.0,90.0,83.0,101.0,1017.0,145.0,1252.0,6875131.0,5277.0,8049.0,2.088687473736864
Skywest,2013-07-01,79798.0,760003.0,0.0,1328.0,1262.0,26.0,41.0,48.0,1053.0,160.0,1252.0,6933277.0,5173.0,7137.0,1.9154001780110617
Skywest,2013-10-01,118733.0,1294969.0,0.0,2161.0,1319.0,41.0,97.0,82.0,1722.0,219.0,2048.0,6395843.0,4002.0,10214.0,3.378757108328019
Skywest,2014-01-01,68265.0,958616.0,35332.0,1843.0,1451.0,29.0,67.0,143.0,1508.0,96.0,1711.0,6314061.0,4276.0,10542.0,2.9188821584080356
Skywest,2014-04-01,72698.0,1152893.0,0.0,1836.0,1121.0,25.0,51.0,188.0,1362.0,210.0,1754.0,6861891.0,5633.0,10717.0,2.675647281485526
Skywest,2014-07-01,23742.0,765989.0,0.0,1373.0,1156.0,19.0,37.0,193.0,1041.0,83.0,1289.0,6752821.0,7207.0,8493.0,2.0332243369104557
Skywest,2014-10-01,18254.0,567210.0,2600.0,1332.0,1054.0,11.0,39.0,305.0,913.0,64.0,1231.0,6656843.0,4538.0,11280.0,2.000948497658725
Skywest,2015-01-01,22661.0,726888.0,730.0,1630.0,1166.0,20.0,45.0,297.0,1185.0,83.0,1496.0,6458573.0,3970.0,14041.0,2.5237773111800395
Skywest,2015-04-01,5797.0,633954.0,0.0,1739.0,1337.0,12.0,46.0,777.0,875.0,29.0,1606.0,7403792.0,4572.0,13941.0,2.348796400547179
Skywest,2015-07-01,11040.0,503652.0,0.0,924.0,1633.0,12.0,13.0,213.0,657.0,29.0,866.0,7710341.0,5889.0,12951.0,1.198390577018578
Skywest,2015-10-01,12436.0,427568.0,0.0,786.0,2027.0,12.0,13.0,177.0,554.0,30.0,640.0,6990054.0,4973.0,10896.0,1.1244548325377743
Skywest,2016-01-01,10372.0,385672.0,1300.0,709.0,1948.0,5.0,22.0,154.0,500.0,28.0,596.0,6858709.0,4007.0,9537.0,1.0337222354819253
Southwest,2008-01-01,666734.0,518134.0,8408273.0,4310.0,0.0,828.0,0.0,0.0,1489.0,1993.0,3482.0,24708540.0,0.0,25431.0,1.7443361687902241
Southwest,2008-04-01,361921.0,192334.0,5764725.0,2433.0,NA,761.0,0.0,0.0,602.0,1070.0,1672.0,27550957.0,NA,17578.0,0.8830909213062907
Southwest,2008-07-01,259315.0,95908.0,4680184.0,1585.0,NA,597.0,0.0,0.0,270.0,718.0,988.0,25694071.0,NA,14145.0,0.6168738305424625
Southwest,2008-10-01,267203.0,409584.0,5642799.0,2349.0,NA,617.0,0.0,0.0,1004.0,728.0,1732.0,24091435.0,NA,16249.0,0.9750353185686116
Southwest,2009-01-01,404325.0,671454.0,7617632.0,3328.0,0.0,655.0,0.0,0.0,1645.0,1028.0,2673.0,23366897.0,0.0,22760.0,1.4242370307020227
Southwest,2009-04-01,402822.0,507531.0,10794961.0,3526.0,0.0,853.0,0.0,0.0,1479.0,1194.0,2673.0,26517691.0,0.0,33825.0,1.3296783645303054
Southwest,2009-07-01,322744.0,380397.0,0.0,2978.0,0.0,864.0,0.0,0.0,1136.0,978.0,2114.0,26434803.0,0.0,29147.0,1.1265451836353764
Southwest,2009-10-01,407092.0,480726.0,0.0,3281.0,0.0,746.0,0.0,0.0,1358.0,1177.0,2535.0,25450773.0,0.0,28566.0,1.2891553431402654
Southwest,2010-01-01,865423.0,1189581.0,0.0,6167.0,0.0,1028.0,0.0,0.0,2893.0,2246.0,5139.0,23772905.0,0.0,35668.0,2.5941297456074466
Southwest,2010-04-01,372992.0,467159.0,0.0,2825.0,0.0,648.0,0.0,0.0,1189.0,988.0,2177.0,27613969.0,0.0,19603.0,1.023032943942249
Southwest,2010-07-01,314343.0,160154.0,0.0,2153.0,0.0,1026.0,0.0,0.0,376.0,751.0,1127.0,27848578.0,0.0,17393.0,0.7731094923410451
Southwest,2010-10-01,327959.0,219471.0,0.0,2062.0,0.0,850.0,0.0,0.0,484.0,728.0,1212.0,27178950.0,0.0,16548.0,0.7586753719330585
Southwest,2011-04-01,359121.0,343588.0,0.0,2102.0,0.0,662.0,0.0,0.0,683.0,757.0,1440.0,28919972.0,0.0,15391.0,0.7268333454818007
Southwest,2011-07-01,275991.0,163491.0,0.0,1583.0,0.0,739.0,0.0,0.0,320.0,524.0,844.0,28539135.0,0.0,14335.0,0.5546769374755051
Southwest,2011-10-01,371310.0,222999.0,0.0,1364.0,0.0,612.0,0.0,0.0,305.0,447.0,752.0,27712179.0,0.0,11201.0,0.49220236344460677
Southwest,2011-01-01,360544.0,394029.0,0.0,2167.0,0.0,620.0,0.0,0.0,787.0,760.0,1547.0,25637423.0,0.0,16228.0,0.8452487599865244
Southwest,2012-01-01,645399.0,298244.0,0.0,1964.0,0.0,806.0,0.0,0.0,356.0,802.0,1158.0,26029507.0,0.0,14755.0,0.7545283128105347
Southwest,2012-04-01,1044307.0,453781.0,0.0,3090.0,0.0,1278.0,0.0,0.0,528.0,1284.0,1812.0,29290547.0,0.0,21474.0,1.0549478642375645
Southwest,2012-07-01,682792.0,303985.0,0.0,2341.0,0.0,1111.0,0.0,0.0,363.0,867.0,1230.0,29334383.0,0.0,19272.0,0.7980396246957027
Southwest,2012-10-01,692490.0,345494.0,0.0,2095.0,0.0,937.0,0.0,0.0,370.0,788.0,1158.0,27876734.0,0.0,13851.0,0.7515227572928737
Southwest,2013-01-01,1346156.0,624418.0,0.0,3185.0,0.0,1037.0,0.0,0.0,662.0,1486.0,2148.0,26269242.0,0.0,17307.0,1.2124445768172527
Southwest,2013-04-01,1665020.0,946298.0,0.0,4538.0,0.0,1289.0,0.0,0.0,1172.0,2077.0,3249.0,30575862.0,0.0,26487.0,1.4841772899158165
Southwest,2013-07-01,844964.0,386798.0,0.0,2550.0,0.0,1094.0,0.0,0.0,465.0,991.0,1456.0,29421835.0,0.0,22614.0,0.8667032494744125
Southwest,2013-10-01,548943.0,187944.0,0.0,1948.0,0.0,1085.0,0.0,0.0,216.0,647.0,863.0,29378897.0,0.0,14512.0,0.6630609719622897
Southwest,2014-01-01,1346156.0,624418.0,0.0,3185.0,0.0,1037.0,0.0,0.0,662.0,1486.0,2148.0,26269242.0,0.0,17307.0,1.2124445768172527
Southwest,2014-04-01,1385643.0,629808.0,0.0,3605.0,0.0,1283.0,0.0,0.0,710.0,1612.0,2322.0,22614856.0,0.0,26341.0,1.5940848794261613
Southwest,2014-07-01,1108338.0,417833.0,0.0,3197.0,0.0,1389.0,0.0,0.0,500.0,1308.0,1808.0,33271343.0,0.0,24822.0,0.9608869711090412
Southwest,2014-10-01,546400.0,187589.0,0.0,1864.0,0.0,1013.0,0.0,0.0,227.0,624.0,851.0,32903774.0,0.0,13126.0,0.566500365581164
Southwest,2015-01-01,1339153.0,580043.0,0.0,3326.0,0.0,1183.0,0.0,0.0,647.0,1496.0,2143.0,31993058.0,0.0,20641.0,1.0396005283396166
Southwest,2015-04-01,1810981.0,725435.0,0.0,4436.0,0.0,1518.0,0.0,0.0,822.0,2096.0,2918.0,37496853.0,0.0,29084.0,1.1830326134302525
Southwest,2015-07-01,1954266.0,657812.0,0.0,4413.0,0.0,1398.0,0.0,0.0,776.0,2241.0,3017.0,37603390.0,0.0,27315.0,1.173564404698619
Southwest,2015-10-01,1347420.0,541328.0,0.0,3433.0,0.0,1305.0,0.0,0.0,626.0,1502.0,2128.0,36839451.0,0.0,19473.0,0.9318814224457362
Southwest,2016-01-01,1338902.0,378987.0,0.0,3116.0,0.0,1216.0,0.0,0.0,417.0,1483.0,1900.0,34393320.0,0.0,18278.0,0.9059898840821415
Spirit,2015-01-01,524.0,58626.0,0.0,128.0,119.0,199811.0,0.0,48.0,127.0,1.0,128.0,3552709.0,0.0,1947.0,0.36028844467700566
Spirit,2015-04-01,3012.0,119234.0,0.0,179.0,125.0,209564.0,0.0,328.0,176.0,3.0,179.0,4001225.0,0.0,2484.0,0.4473629950827559
Spirit,2015-07-01,0.0,36224.0,0.0,65.0,59.0,220481.0,0.0,142.0,65.0,0.0,65.0,4226050.0,0.0,1e3,0.15380792939032903
Spirit,2015-10-01,0.0,84591.0,0.0,124.0,122.0,233333.0,0.0,117.0,124.0,0.0,124.0,4230180.0,0.0,1158.0,0.2931317343470018
Spirit,2016-01-01,448.0,83341.0,0.0,123.0,147.0,246266.0,0.0,348.0,122.0,1.0,123.0,4509591.0,0.0,1224.0,0.2727520078871898
United,2008-01-01,88944.0,255521.0,22466.0,1239.0,10818.0,1.0,0.0,0.0,845.0,394.0,1239.0,13846166.0,50052.0,13550.0,0.894832547869208
United,2008-04-01,136318.0,309524.0,42659.0,1535.0,11738.0,0.0,0.0,0.0,1047.0,488.0,1535.0,15576992.0,76457.0,29157.0,0.9854277385518334
United,2008-07-01,296117.0,848638.0,57197.0,2586.0,11077.0,0.0,0.0,0.0,1857.0,729.0,2586.0,15278008.0,69282.0,29613.0,1.6926290390736802
United,2008-10-01,164649.0,404990.0,20794.0,1452.0,9906.0,0.0,0.0,0.0,948.0,504.0,1452.0,12867796.0,51287.0,20304.0,1.1283983675215241
United,2009-01-01,128093.0,481242.0,16621.0,1550.0,7022.0,0.0,0.0,0.0,1126.0,424.0,1550.0,11953422.0,45310.0,19330.0,1.2966998069674107
United,2009-04-01,233532.0,615063.0,5914.0,2282.0,10995.0,1.0,1.0,1.0,1542.0,739.0,2282.0,13336497.0,82881.0,26845.0,1.7110940001711095
United,2009-07-01,114532.0,334146.0,9873.0,1091.0,10944.0,0.0,0.0,0.0,816.0,275.0,1091.0,13750493.0,82283.0,20574.0,0.7934260975224671
United,2009-10-01,187006.0,555775.0,35032.0,1722.0,8658.0,0.0,0.0,0.0,1292.0,430.0,1722.0,11930997.0,54291.0,15064.0,1.4432993319837395
United,2010-01-01,218369.0,767861.0,19524.0,2142.0,9769.0,0.0,0.0,0.0,1641.0,501.0,2142.0,11171323.0,52025.0,15521.0,1.917409424112077
United,2010-04-01,125787.0,480903.0,9746.0,1210.0,10848.0,0.0,0.0,0.0,934.0,276.0,1210.0,12663048.0,41538.0,11732.0,0.9555361394823743
United,2010-07-01,148822.0,599805.0,17061.0,1629.0,10181.0,0.0,0.0,0.0,1249.0,380.0,1629.0,13071281.0,47906.0,17349.0,1.2462435778100096
United,2010-10-01,95847.0,391605.0,7433.0,1181.0,8550.0,0.0,0.0,63.0,811.0,307.0,1181.0,11805553.0,27693.0,16152.0,1.0003766871403652
United,2011-04-01,64550.0,345483.0,10324.0,1009.0,8621.0,0.0,0.0,224.0,624.0,161.0,1009.0,11791428.0,32661.0,20817.0,0.8557063656751328
United,2011-07-01,181257.0,561880.0,27964.0,1456.0,14378.0,0.0,0.0,278.0,841.0,337.0,1456.0,12287697.0,29810.0,20197.0,1.18492505145594
United,2011-10-01,124410.0,559211.0,12e3,912.0,10147.0,3.0,0.0,134.0,610.0,165.0,912.0,10601398.0,16892.0,13413.0,0.8602639010439944
United,2011-01-01,86652.0,369933.0,10889.0,1193.0,7242.0,0.0,0.0,124.0,828.0,241.0,1193.0,10504227.0,25127.0,18903.0,1.135733262428544
United,2012-01-01,87919.0,1545480.0,30399.0,3084.0,8158.0,98.0,59.0,171.0,2589.0,167.0,2853.0,17850152.0,11652.0,21120.0,1.7277163802302635
United,2012-04-01,81078.0,2104776.0,95183.0,4450.0,2852.0,169.0,79.0,1206.0,2792.0,204.0,4151.0,21099463.0,9228.0,22500.0,2.109058415372941
United,2012-07-01,118500.0,1657551.0,84382.0,4014.0,2903.0,95.0,144.0,1553.0,2085.0,137.0,3767.0,21082126.0,13866.0,22443.0,1.9039825490085773
United,2012-10-01,52076.0,1553151.0,41206.0,2846.0,2985.0,69.0,45.0,914.0,1805.0,13.0,2600.0,18696707.0,6660.0,13198.0,1.5221931862118823
United,2013-01-01,35499.0,1637309.0,64527.0,2592.0,3187.0,65.0,79.0,542.0,1896.0,10.0,2395.0,18143463.0,8585.0,14093.0,1.4286137106240413
United,2013-04-01,29304.0,973137.0,0.0,1856.0,3577.0,50.0,38.0,701.0,1028.0,39.0,1747.0,19942776.0,6989.0,12781.0,0.9306628124389503
United,2013-07-01,20839.0,1032390.0,0.0,1966.0,3147.0,89.0,21.0,762.0,1043.0,51.0,1817.0,20156960.0,10341.0,13768.0,0.9753454886054247
United,2013-10-01,52316.0,1724751.0,0.0,2601.0,3107.0,75.0,95.0,750.0,1585.0,96.0,2457.0,18969272.0,5307.0,17074.0,1.3711649029019142
United,2014-01-01,35499.0,1637309.0,64527.0,2592.0,3187.0,65.0,79.0,542.0,1896.0,10.0,2395.0,18143463.0,8585.0,14093.0,1.4286137106240413
United,2014-04-01,40945.0,1229441.0,0.0,2171.0,3220.0,61.0,105.0,847.0,1090.0,68.0,2080.0,20144390.0,5348.0,16498.0,1.0777194047573542
United,2014-07-01,12698.0,819264.0,0.0,1530.0,2230.0,29.0,43.0,695.0,729.0,34.0,1466.0,20332343.0,8763.0,14419.0,0.752495666633206
United,2014-10-01,15670.0,510890.0,0.0,982.0,2872.0,39.0,83.0,281.0,555.0,24.0,909.0,18946348.0,4855.0,12582.0,0.5183056914187367
United,2015-01-01,28415.0,1143851.0,0.0,1817.0,2537.0,76.0,122.0,360.0,1217.0,42.0,1710.0,18105638.0,5939.0,17373.0,1.003554804310127
United,2015-04-01,26044.0,891511.0,0.0,1647.0,3108.0,35.0,97.0,600.0,877.0,38.0,1581.0,21166446.0,6826.0,22068.0,0.7781183482574259
United,2015-07-01,18721.0,706768.0,0.0,1378.0,2456.0,55.0,38.0,578.0,655.0,52.0,1306.0,21879356.0,10478.0,23206.0,0.6298174406961522
United,2015-10-01,24980.0,847372.0,0.0,1475.0,2482.0,27.0,30.0,614.0,766.0,38.0,1403.0,20930474.0,5703.0,18743.0,0.7047140929536522
United,2016-01-01,15683.0,458894.0,0.0,929.0,2337.0,16.0,26.0,489.0,379.0,19.0,903.0,18965779.0,5777.0,14380.0,0.4898296030972416
US,2008-01-01,460030.0,0.0,0.0,2560.0,0.0,0.0,769.0,57.0,0.0,1734.0,1734.0,12755978.0,1596.0,26153.0,2.0069021755917107
US,2008-04-01,355370.0,0.0,0.0,2042.0,0.0,0.0,743.0,48.0,0.0,1251.0,1251.0,13205783.0,1388.0,21367.0,1.5462922569604545
US,2008-07-01,140534.0,0.0,0.0,1252.0,0.0,0.0,454.0,5.0,0.0,793.0,793.0,14263574.0,2937.0,18559.0,0.8777603705775284
US,2008-10-01,413919.0,0.0,0.0,1351.0,0.0,109.0,279.0,2.0,0.0,961.0,961.0,12919729.0,2665.0,18922.0,1.0456875682144726
US,2009-01-01,697703.0,0.0,0.0,1893.0,0.0,107.0,198.0,4.0,0.0,1584.0,1584.0,12580587.0,3526.0,22938.0,1.5046992640327514
US,2009-04-01,947614.0,0.0,0.0,2556.0,0.0,110.0,184.0,4.0,0.0,2258.0,2258.0,13626407.0,5379.0,27196.0,1.875769599425586
US,2009-07-01,342517.0,0.0,0.0,1441.0,0.0,144.0,220.0,23.0,0.0,1054.0,1054.0,13259011.0,5096.0,14840.0,1.0868080583084214
US,2009-10-01,496831.0,0.0,0.0,1407.0,0.0,92.0,114.0,44.0,0.0,1157.0,1157.0,12275768.0,2660.0,10524.0,1.1461604683307798
US,2010-01-01,1547636.0,0.0,0.0,3593.0,0.0,148.0,129.0,7.0,0.0,3309.0,3309.0,12153896.0,2470.0,19387.0,2.9562536984025534
US,2010-04-01,700651.0,0.0,0.0,1965.0,3033.0,175.0,123.0,33.0,0.0,1634.0,1634.0,12583487.0,0.0,17250.0,1.561570334200687
US,2010-07-01,435873.0,0.0,0.0,1545.0,4031.0,130.0,119.0,58.0,0.0,1238.0,1238.0,13734726.0,0.0,16387.0,1.12488592782994
US,2010-10-01,399937.0,0.0,0.0,1204.0,2356.0,157.0,115.0,1.0,0.0,931.0,931.0,13192128.0,0.0,11122.0,0.9126654926331824
US,2011-04-01,619354.0,0.0,0.0,1590.0,3366.0,127.0,157.0,7.0,0.0,1299.0,1299.0,14011454.0,0.0,11524.0,1.1347858687613719
US,2011-07-01,384252.0,0.0,0.0,1120.0,3890.0,146.0,76.0,6.0,0.0,892.0,892.0,13743223.0,0.0,8767.0,0.8149471197549512
US,2011-10-01,792310.0,0.0,0.0,1156.0,2872.0,86.0,69.0,5.0,0.0,996.0,996.0,13334767.0,0.0,8325.0,0.8669067858478517
US,2011-01-01,480799.0,0.0,0.0,1177.0,2136.0,112.0,73.0,0.0,0.0,992.0,992.0,12705868.0,0.0,11360.0,0.9263436390178145
US,2012-01-01,714486.0,0.0,0.0,974.0,2261.0,80.0,52.0,10.0,0.0,832.0,832.0,13514441.0,0.0,7475.0,0.7207105347531578
US,2012-04-01,779145.0,0.0,0.0,1073.0,3002.0,100.0,46.0,0.0,0.0,927.0,927.0,14144925.0,0.0,6791.0,0.7585759556872871
US,2012-07-01,635726.0,0.0,0.0,989.0,4280.0,119.0,61.0,1.0,0.0,808.0,808.0,14000602.0,0.0,7100.0,0.7063981963061303
US,2012-10-01,540853.0,0.0,0.0,719.0,2602.0,56.0,38.0,0.0,0.0,625.0,625.0,13577101.0,0.0,6398.0,0.5295681309286865
US,2013-01-01,779747.0,0.0,0.0,1006.0,2216.0,46.0,58.0,6.0,0.0,896.0,896.0,13761795.0,0.0,6399.0,0.7310092905758298
US,2013-04-01,599843.0,0.0,0.0,985.0,3262.0,114.0,91.0,7.0,0.0,773.0,773.0,14993178.0,0.0,8011.0,0.6569654545553985
US,2013-07-01,461618.0,0.0,0.0,756.0,4088.0,106.0,86.0,5.0,0.0,559.0,559.0,14851237.0,0.0,6816.0,0.5090485055217959
US,2013-10-01,566823.0,0.0,0.0,784.0,2237.0,64.0,67.0,10.0,0.0,643.0,643.0,14228483.0,0.0,6045.0,0.5510074404980488
US,2014-01-01,779747.0,0.0,0.0,1006.0,2216.0,46.0,58.0,6.0,0.0,896.0,896.0,13761795.0,0.0,6399.0,0.7310092905758298
US,2014-04-01,284831.0,835914.0,0.0,1608.0,0.0,81.0,80.0,3.0,7685.0,679.0,1444.0,15449001.0,1852.0,8810.0,1.040844000204285
US,2014-07-01,11841.0,342664.0,0.0,795.0,0.0,64.0,0.0,297.0,359.0,75.0,731.0,14994856.0,3178.0,5500.0,0.5301818170177827
US,2014-10-01,13688.0,325554.0,0.0,755.0,0.0,27.0,0.0,300.0,365.0,63.0,728.0,14187328.0,2149.0,4625.0,0.5321650419303762
US,2015-01-01,32163.0,658690.0,0.0,1225.0,73.0,62.0,0.0,341.0,704.0,118.0,1163.0,15061853.0,3307.0,5554.0,0.8133129436331638
US,2015-04-01,18792.0,695300.0,0.0,1156.0,44.0,30.0,0.0,304.0,731.0,91.0,1126.0,16073671.0,2622.0,6323.0,0.7191885413108182
Virgin,2012-01-01,2256.0,700.0,7651.0,12.0,0.0,10.0,0.0,0.0,0.0,2.0,3.0,1402246.0,0.0,14.0,0.08557699576251242
Virgin,2012-04-01,0.0,0.0,825.0,4.0,1.0,4.0,0.0,0.0,0.0,0.0,0.0,1600351.0,1.0,3.0,0.024994516827870884
Virgin,2012-07-01,1e3,2600.0,500.0,11.0,0.0,2.0,0.0,0.0,4.0,5.0,9.0,1663716.0,1.0,2.0,0.06611705363174965
Virgin,2012-10-01,6662.0,401.0,6853.0,18.0,31.0,3.0,3.0,0.0,0.0,12.0,12.0,1499063.0,19.0,30.0,0.12007500685428166
Virgin,2013-01-01,4229.0,2900.0,35639.0,11.0,4.0,0.0,1.0,0.0,0.0,10.0,10.0,1319210.0,17.0,119.0,0.08338323693725791
Virgin,2013-04-01,8080.0,0.0,26836.0,12.0,0.0,0.0,0.0,3.0,0.0,12.0,12.0,1708688.0,7.0,68.0,0.07022932214658265
Virgin,2013-07-01,250.0,0.0,17708.0,2.0,1.0,0.0,1.0,0.0,0.0,1.0,1.0,1661469.0,8.0,60.0,0.012037540273095677
Virgin,2013-10-01,400.0,0.0,27816.0,1.0,1.0,0.0,0.0,0.0,0.0,1.0,1.0,1555207.0,6.0,104.0,0.0064300122105931876
Virgin,2014-01-01,4229.0,2900.0,35639.0,11.0,4.0,0.0,1.0,0.0,0.0,10.0,10.0,1319210.0,17.0,119.0,0.08338323693725791
Virgin,2014-04-01,9664.0,0.0,39850.0,11.0,0.0,0.0,0.0,0.0,0.0,11.0,11.0,1703282.0,2.0,137.0,0.06458120264289766
Virgin,2014-07-01,8445.0,0.0,67022.0,5.0,0.0,0.0,0.0,0.0,0.0,5.0,5.0,1677222.0,9.0,235.0,0.029811199709996652
Virgin,2014-10-01,15760.0,0.0,111530.0,16.0,2.0,0.0,4.0,0.0,0.0,16.0,15.0,1598058.0,23.0,302.0,0.10012152249793187
Virgin,2015-01-01,4784.0,0.0,89522.0,5.0,0.0,0.0,0.0,0.0,0.0,5.0,5.0,1510065.0,6.0,286.0,0.033111157466731565
Virgin,2015-04-01,11210.0,3321.0,241103.0,15.0,0.0,0.0,0.0,0.0,5.0,10.0,15.0,1772262.0,11.0,669.0,0.08463759872975891
Virgin,2015-07-01,10334.0,566.0,80416.0,17.0,3.0,3.0,0.0,0.0,2.0,12.0,14.0,1813533.0,17.0,279.0,0.09373967829645229
Virgin,2015-10-01,50048.0,200.0,269956.0,43.0,8.0,0.0,0.0,0.0,0.0,43.0,43.0,1832945.0,36.0,488.0,0.23459514606275694
Virgin,2016-01-01,29852.0,3114.0,191437.0,30.0,5.0,0.0,0.0,0.0,0.0,30.0,30.0,1739517.0,38.0,427.0,0.17246166608317137
